,0
0,data_resize_all/3.8_48a2247fb4f9a1f90920c9c9c4dcdb91.jpg
1,data_resize_all/3.2_4904930dbce0bc29d32254e676022863.jpg
2,data_resize_all/5.4_f38238a6b1d53f7193763bd366eeff37.jpg
3,data_resize_all/1.3_72a43afaa2ba0adf483c81cfca86aceb.jpg
4,data_resize_all/2.6_1236_analog3_20200815-042431.jpg
5,data_resize_all/3.6_6148aceb40393a66a22df4331ced0755.jpg
6,data_resize_all/4.2_a23a9fb39bfaf7e6cae2fca776f0128a.jpg
7,data_resize_all/4.5_470dd83d1ebe646a2b17989ac15c97d8.jpg
8,data_resize_all/9.7_a2e15ed8d209b46367771117af85557b.jpg
9,data_resize_all/3.5_2c82b3a7265760a8750bd973212a4486.jpg
10,data_resize_all/6.7_5e9374a993e70ae14d6362065fdf678c.jpg
11,data_resize_all/1.8_0727_zeiger1_2019-06-04T235009.jpg
12,data_resize_all/8.0_4017_zeiger1_2019-09-15_06-10-12.jpg
13,data_resize_all/9.1_7e7c557c9594debe56660337a46a5911.jpg
14,data_resize_all/3.8_745435a45a668887d9391d8efdd8d4be.jpg
15,data_resize_all/5.2_40b16a812004d37dc4f775fb023baadb.jpg
16,data_resize_all/6.5_3337_zeiger4_2020-04-29_13-49-02.jpg
17,data_resize_all/9.9_4a8b4e2c4f64e6079c7a84e0f6bceaf0.jpg
18,data_resize_all/4.3_4.4.jpg
19,data_resize_all/8.9_4309_zeiger3_2019-11-19_07-27-03.jpg
20,data_resize_all/0.7_3abe52800519d7849e381244c5e543d8.jpg
21,data_resize_all/1.6_0679_zeiger1_2020-06-15_17-03-25.jpg
22,data_resize_all/3.9_9c3d37bcbc2eeeaf3ce68359dbefd022.jpg
23,data_resize_all/6.6_8592f7a6223a2a71f41c425e7dc3a2f8.jpg
24,data_resize_all/8.3_02bc56143da209438f5adde00f2ce3c9.jpg
25,data_resize_all/7.5_3817_analog4_20200817-005210.jpg
26,data_resize_all/3.8_3c3bb7b5bfedbcbe15c4a8ce81aff368.jpg
27,data_resize_all/0.3_012c4abd3227a28a4c7044549534cb19.jpg
28,data_resize_all/0.2_0103_zeiger2_2019-11-19_02-07-03.jpg
29,data_resize_all/3.6_4e3bead06d3e609a73c7efc97ebd35f4.jpg
30,data_resize_all/3.1_1478_zeiger3_2019-11-19_11-22-03.jpg
31,data_resize_all/9.6_4907_analog4_20200812-223536.jpg
32,data_resize_all/9.0_7291b974ffeb4529a25c1a612c4a99d6.jpg
33,data_resize_all/1.2_5cd10bb48633ffaa5d8e9d333126c5ee.jpg
34,data_resize_all/5.7_5.6.jpg
35,data_resize_all/7.7_ana1_20220623-143201.jpg
36,data_resize_all/6.2_main_ana3_20221213-141033.jpg
37,data_resize_all/7.0_b7c72126a573ad1b76c279b6f61c0ebe.jpg
38,data_resize_all/9.7_4833_zeiger2_2019-06-01T203011.jpg
39,data_resize_all/3.7_32b3c2109df9d4ba621e46486d9b58bd.jpg
40,data_resize_all/4.0_1997_zeiger4_2019-06-01T204131.jpg
41,data_resize_all/6.7_215dd11a21aaffe9aa70128b91ca8dfe.jpg
42,data_resize_all/4.6_41e54d15aa177df1f4250ec974b464cc.jpg
43,data_resize_all/9.4_0b71b3ad25d314816e7ac8eccbc8111a.jpg
44,data_resize_all/8.0_6450ad5f5e78a53fee3907144ea1a22f.jpg
45,data_resize_all/2.4_2c85db36db22adeb94bab85c9f8b0855.jpg
46,data_resize_all/5.3_2685_analog1_20200821-210929 - Kopie.jpg
47,data_resize_all/8.0_91025bf02aac8cc68b861a3f9ef98cb6.jpg
48,data_resize_all/1.0_0419_zeiger4_2019-11-19_09-47-03.jpg
49,data_resize_all/0.0_b83c38e151a3a0496fee8ee2b09413c9.jpg
50,data_resize_all/2.2_66954c743a801c20ea70babf69323ce3.jpg
51,data_resize_all/6.1_analog1_20200925-063145.jpg
52,data_resize_all/3.8_0d6ca6e20653e3a2c87e08a43a06a3cc.jpg
53,data_resize_all/5.1_61fa9c27e231ec580793626bcfda3246.jpg
54,data_resize_all/1.5_2939a6548577025aef972e12d1d6c6d1.jpg
55,data_resize_all/5.0_main_ana3_20221213-124605.jpg
56,data_resize_all/8.8_4294_zeiger4_2019-11-19_06-37-03.jpg
57,data_resize_all/2.6_35a8c7850fdd0293ac7a2b8e7fa354b9.jpg
58,data_resize_all/2.7_ana3_20220629-152729.jpg
59,data_resize_all/0.4_0127_zeiger4_2019-06-02T100009.jpg
60,data_resize_all/0.5_0.6.jpg
61,data_resize_all/2.2_1104_analog4_20200814-100802.jpg
62,data_resize_all/3.3_1593_analog1_20200818-082608.jpg
63,data_resize_all/5.9_2849_zeiger1_2019-11-19_01-17-03.jpg
64,data_resize_all/1.0_8d94cfcae73b21a264e0f9b63b768cb9.jpg
65,data_resize_all/5.8_analog1_20200927-150752.jpg
66,data_resize_all/9.5_bdeab982fbac878494bf669d45b91020.jpg
67,data_resize_all/3.6_fa456d343ceeb4a2c85494ce161ef195.jpg
68,data_resize_all/1.3_8f5d645eb52c3330715740a1988ac313.jpg
69,data_resize_all/7.1_3603_zeiger4_2019-06-05T205009.jpg
70,data_resize_all/2.8_c30648d48510d5219756c3d9176c073e.jpg
71,data_resize_all/4.2_2032_analog4_20200813-105014.jpg
72,data_resize_all/1.6_3707359acf6a04c9d7aaf9122c7c4de0.jpg
73,data_resize_all/3.6_1821_zeiger4_2019-06-04T104010.jpg
74,data_resize_all/1.5_3a665e0fb853caa1686d11b1f9881f31.jpg
75,data_resize_all/4.4_pointer_20211009-184610.jpg
76,data_resize_all/7.3_3765_zeiger2_2020-04-29_11-34-02.jpg
77,data_resize_all/0.5_0191_zeiger2_2019-06-04T161009.jpg
78,data_resize_all/4.5_7667a61d729712bb4f450d304dd3aa42.jpg
79,data_resize_all/4.4_2153_zeiger4_2019-06-01T205012.jpg
80,data_resize_all/4.0_2304026bc2766a96beb2cc574033797e.jpg
81,data_resize_all/4.0_1998_zeiger4_2019-06-02T075009.jpg
82,data_resize_all/0.9_ad6eb46fa43f56ab6a8a4f16137a8abd.jpg
83,data_resize_all/9.1_main_ana3_20221213-142934.jpg
84,data_resize_all/9.1_4508_zeiger1_2019-06-03T085009.jpg
85,data_resize_all/8.4_26dccb2c146e22c83c499f23e4d91154.jpg
86,data_resize_all/3.7_1880_zeiger3_2019-09-15_06-00-12.jpg
87,data_resize_all/6.9_11331ff62f340bc56d9c05f006e6cbcb.jpg
88,data_resize_all/0.1_7ba85793833ccf1f0cdfb9d11aca17fe.jpg
89,data_resize_all/0.1_0.1.jpg
90,data_resize_all/4.3_2160_zeiger4_2019-06-04T172009.jpg
91,data_resize_all/2.3_1137_zeiger4_2020-04-29_10-50-02.jpg
92,data_resize_all/2.3_ana4_20220623-070659.jpg
93,data_resize_all/0.0_1cb245637a3e5d4455b895e0bee1c9c3.jpg
94,data_resize_all/5.8_959c1f746433a2d4f1a5e4f4a91f4758.jpg
95,data_resize_all/3.6_8f2e64bda3748d47c667c72bb0fb0459.jpg
96,data_resize_all/8.3_126a13e5717d40dfb13d9f0566020786.jpg
97,data_resize_all/3.4_039747db981345b6cec23e356acc60c5.jpg
98,data_resize_all/3.0_66bcbf8d513b5e58e4e24753733de298.jpg
99,data_resize_all/8.9_analog3_20200928-135043.jpg
100,data_resize_all/4.5_d7b47aeb326fc38eac5e4c643e71a720.jpg
101,data_resize_all/8.8_a62bc0d9cf622e85afac248d7934504d.jpg
102,data_resize_all/9.1_4d282bcff2db7825fa39e75531f7bb16.jpg
103,data_resize_all/5.2_2551_zeiger2_2019-11-19_18-47-04.jpg
104,data_resize_all/3.2_e4e8c242a94517b5e66fdec5baabedbe.jpg
105,data_resize_all/0.6_0c26f0dcb7dcf8d106a5b66b53267ee8.jpg
106,data_resize_all/2.5_2.5.jpg
107,data_resize_all/8.6_4278_zeiger4_2019-11-19_16-57-04.jpg
108,data_resize_all/4.8_401174eed158eed79554a9b1fb38b4a0.jpg
109,data_resize_all/9.9_fe08392177e40ab31a8be71885765c1a.jpg
110,data_resize_all/5.3_ee29a65da706e0d81603f4a191291f8e.jpg
111,data_resize_all/7.0_3467_zeiger3_2019-11-19_17-02-03.jpg
112,data_resize_all/8.7_34424a02db83e079d6d5926fa273b0ca.jpg
113,data_resize_all/1.7_eb2525024ea4ef2572626ab0ce97150a.jpg
114,data_resize_all/7.8_20244588b67d3e8c4207203315e7dc95.jpg
115,data_resize_all/1.3_b2ec01bb4eba162990f76e7973226416.jpg
116,data_resize_all/2.4_5de927916e47736d1e7b56af3f29280c.jpg
117,data_resize_all/9.2_46e78987f8d6542f1c8e26523820a5a4.jpg
118,data_resize_all/5.9_1bd68aa93326f91c007d4e39a4f7bbf8.jpg
119,data_resize_all/4.5_4cd3cc2f64e93bab61ba727317ddc3f4.jpg
120,data_resize_all/5.6_main_ana3_20221214-162622.jpg
121,data_resize_all/0.5_0169_zeiger4_2019-06-03T032009.jpg
122,data_resize_all/4.8_2445_zeiger4_2019-11-19_18-32-04.jpg
123,data_resize_all/7.0_3486_analog1_20200819-115303.jpg
124,data_resize_all/2.4_1c0ac45dd1d802c649766e5266b4e092.jpg
125,data_resize_all/5.5_464966c1ce318f2e47eff421aa69a752.jpg
126,data_resize_all/1.1_analog1_20200928-055904.jpg
127,data_resize_all/7.0_9e64b1c2e2838e0a6ae5c839a77e5b06.jpg
128,data_resize_all/2.1_ee404f2812e4b7d37ab339487ed423fa.jpg
129,data_resize_all/9.7_3df56015746f08da4a6eaf85acbdb9e1.jpg
130,data_resize_all/7.0_3490_zeiger1_2019-09-15_05-49-06.jpg
131,data_resize_all/6.7_527cbc933b9fc8e35443efd1281f6f5b.jpg
132,data_resize_all/1.5_0589_zeiger4_2019-06-01T151226.jpg
133,data_resize_all/2.5_2c1671a4f7e89d68d04a84d13a3f822a.jpg
134,data_resize_all/6.6_3193_zeiger1_2019-11-19_02-17-03.jpg
135,data_resize_all/0.3_0126_zeiger3_2020-06-14_08-28-47.jpg
136,data_resize_all/3.1_4f3eb3ee64c843e0455ee32fe489ad01.jpg
137,data_resize_all/3.6_1d9ac015c8d0d235c44b56f055122fe1.jpg
138,data_resize_all/4.0_5d86c314c47968188e0b384dfd426dc5.jpg
139,data_resize_all/3.0_604a94dcdf6175b2c8d9da2fd3dc4b2e.jpg
140,data_resize_all/6.5_3246_analog4_20200817-163844.jpg
141,data_resize_all/0.1_0f14387787a991d941c19cdaea6d90fd.jpg
142,data_resize_all/1.8_14804e4d1d595f5bb44d926396d69387.jpg
143,data_resize_all/0.8_ana4_20220625-105710.jpg
144,data_resize_all/3.9_1896_analog1_20200813-040004.jpg
145,data_resize_all/1.9_0851_analog3_20200820-220133.jpg
146,data_resize_all/1.9_637a66ce10fe8a7e769dd5ee4d2c8ba6.jpg
147,data_resize_all/2.8_pointer_20211006-194409.jpg
148,data_resize_all/1.9_c0db9e456ac600f6e1573a647d343bfc.jpg
149,data_resize_all/5.4_pointer_20211008-102957.jpg
150,data_resize_all/9.1_f305aab69b8d2fda3cceb155e8c97c0c.jpg
151,data_resize_all/2.2_1096_zeiger4_2019-11-19_17-52-04.jpg
152,data_resize_all/7.4.jpg
153,data_resize_all/3.9_81660a87054180833bf23cad814527ef.jpg
154,data_resize_all/5.0_ana4_20220622-104655.jpg
155,data_resize_all/4.0_095bc086caee657c5e31e8502b33fc8d.jpg
156,data_resize_all/8.6_4026a87ac1a307e486293930a5e5b0ee.jpg
157,data_resize_all/5.1_d223c70f3ad24ca622b36b2da63d891f.jpg
158,data_resize_all/9.7_0cb925e2431e0c09158df561afbb07c8.jpg
159,data_resize_all/9.0_4422_zeiger4_2019-06-03T153009.jpg
160,data_resize_all/4.7_2360_zeiger4_2020-02-17_17-39-35.jpg
161,data_resize_all/0.9_1e1127c21f0b0afea0610ab0b48f9bec.jpg
162,data_resize_all/9.7_f5eb8e3f4735293d84f38a403910289e.jpg
163,data_resize_all/4.9_4.9.jpg
164,data_resize_all/3.7_dba27bce08ce2eb98561e55b122631d0.jpg
165,data_resize_all/7.4_5a0285ae6262f2d9845aa0dedfc8cc44.jpg
166,data_resize_all/1.3_57583a09c5a5bb39ab92b6cf552e2295.jpg
167,data_resize_all/8.2_4107_analog3_20200817-150421.jpg
168,data_resize_all/8.0_4020_zeiger1_2020-06-15_04-59-11.jpg
169,data_resize_all/4.0_419b104a69f39a3c177eb9b8ad55515a.jpg
170,data_resize_all/2.0_687ecce517e9b48893b4ed119b1094a6.jpg
171,data_resize_all/6.6_pointer_20211014-210029.jpg
172,data_resize_all/8.8_4342_analog3_20200815-063250.jpg
173,data_resize_all/4.4_014ba9ebbf1905cd0dd7a01fdd259519.jpg
174,data_resize_all/6.6_e3ca06ba37b4fcd7ec3ad303dc244532.jpg
175,data_resize_all/2.3_1131_zeiger4_2019-06-01T161012.jpg
176,data_resize_all/9.1_ana3_20220624-005203.jpg
177,data_resize_all/0.4_0175_zeiger4_2019-11-19_07-22-03.jpg
178,data_resize_all/3.4_114824fbeb652d9b0e9b98f9129ad5bd.jpg
179,data_resize_all/0.8_0381_zeiger4_2020-04-29_13-32-02.jpg
180,data_resize_all/1.6_408f293cd00d9b00d19ab3ed964b0545.jpg
181,data_resize_all/7.3_3672_zeiger1_2019-09-15_06-00-12.jpg
182,data_resize_all/8.0_3947_zeiger4_2019-11-19_07-27-03.jpg
183,data_resize_all/7.3_628055dec50be4c7ddff42caccb99ad3.jpg
184,data_resize_all/8.1_4078_zeiger2_2019-09-14_13-50-13.jpg
185,data_resize_all/9.3_c7a6d03ac6cc878b554a707d73a7a2a2.jpg
186,data_resize_all/0.6_4e2893dbd109753be2b792ef22e31ad1.jpg
187,data_resize_all/0.2_337e96f501366f1afd8da9b59a2aaf1c.jpg
188,data_resize_all/9.2_432b9556f796d3e96077f81c67aa3f6f.jpg
189,data_resize_all/7.5_3838_zeiger3_2019-06-01T203011.jpg
190,data_resize_all/1.6_dba0924086f044ef5fd4961ae34205c5.jpg
191,data_resize_all/6.3_727c964cca1273b3cf95106ea11fb177.jpg
192,data_resize_all/0.9_0301_analog2_20200822-140935.jpg
193,data_resize_all/7.4_501df4dd401eb2e15f8d1999f9f39638.jpg
194,data_resize_all/2.7_12d090ef27e203342c871062c96e48ee.jpg
195,data_resize_all/5.9_2866_zeiger1_2020-06-15_03-38-04.jpg
196,data_resize_all/8.3_66ac120551a980a14ca85f0fb19de329.jpg
197,data_resize_all/2.2_1095_zeiger4_2019-11-19_00-27-02.jpg
198,data_resize_all/1.4_0555_zeiger2_2019-11-19_17-27-04.jpg
199,data_resize_all/1.4_2523f79e884b002190ccfb44a321beac.jpg
200,data_resize_all/1.1_0425_analog4_20200816-200113.jpg
201,data_resize_all/9.0_4433_zeiger1_2019-06-03T051009.jpg
202,data_resize_all/1.6_1775c78b8910c61178343a45e37e0cd2.jpg
203,data_resize_all/4.6_cb9f459bf242e4660880d4f3863be4dc.jpg
204,data_resize_all/7.1.jpg
205,data_resize_all/5.6_9aa1bbad768e2101b346dccff6bc9b45.jpg
206,data_resize_all/6.4_ede1c9c6a229920a25b9ac4e1cf30bb5.jpg
207,data_resize_all/3.4_1648_analog2_20200815-235143.jpg
208,data_resize_all/5.8_0dae293b6534f128f5de692b06cae204.jpg
209,data_resize_all/3.4_1788_zeiger2_2019-11-19_01-12-03.jpg
210,data_resize_all/8.1_ana3_20220629-165729.jpg
211,data_resize_all/6.9_70520571b853a616dc78e2e72d27fda4.jpg
212,data_resize_all/0.9_0397_zeiger2_2019-11-19_11-07-03.jpg
213,data_resize_all/4.3_87d8bc066ea187126ff2470938b9bbdc.jpg
214,data_resize_all/6.1_5fa0c7d57cff21da2bd6a6c42c958a18.jpg
215,data_resize_all/9.0_1d6b122a315576d496eacebebca05492.jpg
216,data_resize_all/6.2_ana3_20220624-075704.jpg
217,data_resize_all/2.9_631f52991691dc8e7abe69224d213192.jpg
218,data_resize_all/1.0_0beb132454ae5c67cc9560ac64e404fc.jpg
219,data_resize_all/1.3_ana2_20220629-153729.jpg
220,data_resize_all/6.4_c0fa89df519f3e665d7778b437c7d493.jpg
221,data_resize_all/2.1_72812fcddecc8dbc2fd2aa20ce9a0b81.jpg
222,data_resize_all/4.0_ebb9add2092397fb30e957c3eb01654a.jpg
223,data_resize_all/4.6_9bf7e49732cffd30a2bd0d1934a8f3da.jpg
224,data_resize_all/7.1_16b75a3052ed475e60c375ad85701f1d.jpg
225,data_resize_all/9.5_4776_zeiger2_2019-11-19_00-02-02.jpg
226,data_resize_all/1.2_fc13b33bb4b8e920cb9b005e970e1b96.jpg
227,data_resize_all/8.0_e140c80812dd6399fe9cc4931c247e88.jpg
228,data_resize_all/9.4_4688_zeiger2_2020-04-29_13-34-02.jpg
229,data_resize_all/8.7_af9434b2952bd42b76bd9dc6402fb907.jpg
230,data_resize_all/7.5_1c57893fe38016cc8752aaa3835a45c4.jpg
231,data_resize_all/0.9_2a129ac8cc0d5d8e4cfed72d3f920fe7.jpg
232,data_resize_all/8.9_4343_analog3_20200819-011905.jpg
233,data_resize_all/2.2_1004_zeiger2_2020-04-29_12-48-02.jpg
234,data_resize_all/0.5_0198_zeiger2_2020-06-14_11-32-34.jpg
235,data_resize_all/3.4_0e7fe6e926d86a91b993297affde8261.jpg
236,data_resize_all/2.5_1228_zeiger4_2019-11-19_12-37-03.jpg
237,data_resize_all/9.2_4584_zeiger2_2019-09-14_19-20-12.jpg
238,data_resize_all/6.1_3004_analog3_20200819-092654.jpg
239,data_resize_all/5.2_2583_zeiger4_2019-06-02T110009.jpg
240,data_resize_all/2.8_12356e26f312498540b90da56683713b.jpg
241,data_resize_all/8.0_4034_zeiger2_2020-04-29_14-05-02.jpg
242,data_resize_all/3.3_1623_zeiger3_2019-06-01T174233.jpg
243,data_resize_all/9.2_4480_zeiger4_2019-06-02T111009.jpg
244,data_resize_all/7.6_3888_zeiger4_2020-04-29_12-09-01.jpg
245,data_resize_all/1.1_0438_zeiger1_2020-04-29_12-24-02.jpg
246,data_resize_all/4.0_2022_zeiger4_2019-06-05T174009.jpg
247,data_resize_all/0.1_040655bb94928dd447738cc3cb798c55.jpg
248,data_resize_all/6.2.jpg
249,data_resize_all/6.4_3110_zeiger1_2019-09-14_21-20-13.jpg
250,data_resize_all/8.6_4282_analog1_20200814-004435.jpg
251,data_resize_all/1.5_0640_analog1_20200817-043822.jpg
252,data_resize_all/6.4_3222_zeiger3_2019-11-19_05-02-03.jpg
253,data_resize_all/4.6_60885ed90b97eff521f03584105fdb48.jpg
254,data_resize_all/1.8_274b3ae2c892ae90caa525cf0aef9b82.jpg
255,data_resize_all/2.3_1cf0d4f151ee9105832edb4cdf4929d0.jpg
256,data_resize_all/4.8_f6901bd72428ee1c4ff4361daaebebb7.jpg
257,data_resize_all/7.6_3850_analog1_20200813-220615.jpg
258,data_resize_all/6.5_3fcd2983f990c95ac6b40e583405d178.jpg
259,data_resize_all/8.7_68b41b5ea816ec3f01bc7dca59ef6886.jpg
260,data_resize_all/5.2_2608_zeiger4_2019-06-02T180009.jpg
261,data_resize_all/6.1_961275bd37e08d1d31f7eeecb40d2ba0.jpg
262,data_resize_all/8.6_02298a510a9907545e0c8410f57d113d.jpg
263,data_resize_all/0.7_ana4_20220624-155205.jpg
264,data_resize_all/4.3_analog1_20200928-200357.jpg
265,data_resize_all/8.7_ana1_20220623-210202.jpg
266,data_resize_all/8.7_9ad4fd9a15551e65c0c563d12c881d6c.jpg
267,data_resize_all/4.0_da1d0cf843208372478636a2320bd6c7.jpg
268,data_resize_all/1.3_24a40f05cd9fffe0b337dc2daf181134.jpg
269,data_resize_all/0.5_6689e925ce5da001263a63a7120f885d.jpg
270,data_resize_all/7.2_analog3_20201013-082248.jpg
271,data_resize_all/3.7_d3eca20aa56dead4e8cf61a2e7d83a9c.jpg
272,data_resize_all/2.3_b29e19970764a90c13b77e8f9216b5bb.jpg
273,data_resize_all/3.7_6e8991334057c57234600a07a5d7e857.jpg
274,data_resize_all/8.4_79f462a7c4f39585e81d31c034b53fdc.jpg
275,data_resize_all/3.4_fcec2f45a2c851e040125be766615383.jpg
276,data_resize_all/1.6_pointer_20211011-151241.jpg
277,data_resize_all/5.7_49d23e85c90f09e0fb0c0c6818cdfcf0.jpg
278,data_resize_all/7.8_7af3a2c640deb9d4fc1fcb824790869e.jpg
279,data_resize_all/3.6_ana4_20220629-161729.jpg
280,data_resize_all/8.9_28349078bcc488cfaa4fc88340154a3d.jpg
281,data_resize_all/1.1_2604bae91a10d999f094a7ee87205f56.jpg
282,data_resize_all/5.8_ana2_20220629-154729.jpg
283,data_resize_all/0.5_0204_zeiger4_2019-09-15_05-49-06.jpg
284,data_resize_all/1.9_0879_zeiger3_2019-09-14_20-27-35.jpg
285,data_resize_all/4.4_2276_zeiger3_2020-06-15_19-06-47.jpg
286,data_resize_all/9.1_4.jpg
287,data_resize_all/6.7_6fd2eb6346043d9d720188b3825ec655.jpg
288,data_resize_all/4.8_965558d9267cb37f82dd7ecc7b7061bc.jpg
289,data_resize_all/3.5_1732_zeiger4_2020-04-29_14-41-02.jpg
290,data_resize_all/6.2_00ad226a79819026066f9d824c7857c6.jpg
291,data_resize_all/4.7_0ec27906015bf4018763b02762c1e6db.jpg
292,data_resize_all/9.1_4566_zeiger4_2019-09-14_19-44-51.jpg
293,data_resize_all/1.9_a19c8c9a4b56f6d37c39905f20895fa7.jpg
294,data_resize_all/5.3_2599_zeiger2_2019-09-14_21-50-13.jpg
295,data_resize_all/9.8_773cf78ad2d6c74f86b0ef92e8fa3825.jpg
296,data_resize_all/0.9_0.8.jpg
297,data_resize_all/1.3_0635_zeiger4_2020-04-29_11-42-02.jpg
298,data_resize_all/7.2_3528682a210b3e8ba3ca9fd528c4795e.jpg
299,data_resize_all/2.0_1035_zeiger4_2019-06-04T051009.jpg
300,data_resize_all/6.0_990500d6af9acde97da6c3b9324c7d9c.jpg
301,data_resize_all/0.3_0101_zeiger2_2019-09-14_19-40-12.jpg
302,data_resize_all/9.3_4632_zeiger1_2020-06-14_11-42-40.jpg
303,data_resize_all/6.3_8844ccefd3245350cbc891e50053a36a.jpg
304,data_resize_all/7.0_67a7b7f42c5bdcc9a81bda708ec11d15.jpg
305,data_resize_all/2.5_2f0b6991fad6e5308dd6bf5fffa0bede.jpg
306,data_resize_all/1.5_b5c49f6c1fd8559376bc2e618f5dad4c.jpg
307,data_resize_all/1.1_0458_zeiger2_2019-11-19_11-42-03.jpg
308,data_resize_all/3.8_5493b246e96582d18cfd41376d9d0ff0.jpg
309,data_resize_all/8.1_analog3_20201024-074802.jpg
310,data_resize_all/5.0_pointer_20211023-031341.jpg
311,data_resize_all/1.9_analog2_20201007-145724.jpg
312,data_resize_all/7.5_3761_zeiger2_2019-11-19_06-32-03.jpg
313,data_resize_all/1.8_0765_analog1_20200814-170323.jpg
314,data_resize_all/4.6_2350_zeiger3_2019-09-15_05-50-13.jpg
315,data_resize_all/2.1_ana1_20220629-220231.jpg
316,data_resize_all/5.4_2709_zeiger4_2019-09-14_11-40-12.jpg
317,data_resize_all/9.1_d147e22665b64981492b18f3f1287482.jpg
318,data_resize_all/7.4_d99b3d20127d27677ed8398a59b0a3eb.jpg
319,data_resize_all/8.5_8.4.jpg
320,data_resize_all/1.5_ff05b180ffa721f56fb4362f7a21995f.jpg
321,data_resize_all/0.7_1e8c4a9bd7146c1556f3dfc4429c8e88.jpg
322,data_resize_all/2.5_4c2070149f964f340c89368a9e7b7ae5.jpg
323,data_resize_all/9.1_43482e91ac3ba02860be12d3e9f3e012.jpg
324,data_resize_all/1.4_80e43730e07e5b9502c4b2881bad93d5.jpg
325,data_resize_all/0.0_1436f278d267410af7a271427d08809e.jpg
326,data_resize_all/4.8_2414_zeiger1_2020-06-14_08-38-09.jpg
327,data_resize_all/1.3_3d63d0a84ad77822527e8afc985fed7d.jpg
328,data_resize_all/0.2_ana2_20220629-153229.jpg
329,data_resize_all/6.0_4c721538a45fb16dcb211a876bffa5ef.jpg
330,data_resize_all/4.8_902cb2b846c48fd89a7c8401c8402885.jpg
331,data_resize_all/2.2_58b09e2fe292169319da6ed218fa5e1d.jpg
332,data_resize_all/0.3_0176_zeiger4_2019-11-19_11-02-03.jpg
333,data_resize_all/6.5_3156_zeiger3_2019-11-19_02-27-03.jpg
334,data_resize_all/6.6_32f8960168ad68dd0ce3eb6e9365fa1b.jpg
335,data_resize_all/9.5_4709_zeiger4_2019-11-19_13-12-03.jpg
336,data_resize_all/9.7_d2061508e63bf8c7dea1acd77d528114.jpg
337,data_resize_all/4.1_dbb12a72a7aa78d8694425e75a39a641.jpg
338,data_resize_all/7.3_69bfb2ef4af76d0941bfa6195b38841c.jpg
339,data_resize_all/1.5_0ce3dca825124f04f02a648b41322651.jpg
340,data_resize_all/6.4_3172_zeiger3_2019-11-19_15-42-03.jpg
341,data_resize_all/6.2_be5706dab5cfdf0846d17e550363c1e1.jpg
342,data_resize_all/1.5_0698_zeiger3_2019-11-19_19-02-04.jpg
343,data_resize_all/3.2_8dd63757142f129d55fd1ceb73afd7b3.jpg
344,data_resize_all/3.8_5628be589c6e2217537a96b9df6ed6a3.jpg
345,data_resize_all/8.5_4207_zeiger4_2019-09-14_21-10-12.jpg
346,data_resize_all/1.0_14abf2218e4b8b4cc9e88b102181f0f9.jpg
347,data_resize_all/8.7_4242_zeiger4_2019-06-02T102009.jpg
348,data_resize_all/2.1_1046_analog2_20200814-222202.jpg
349,data_resize_all/2.3_3dd959b94c068eea3d80d584b2060b58.jpg
350,data_resize_all/1.8_ana3_20220624-200206.jpg
351,data_resize_all/1.4_22d5eb55967748abe10a55821c2b7ba6.jpg
352,data_resize_all/2.2_pointer_20211007-172923.jpg
353,data_resize_all/8.7_959bc24ef7fc7d090969b47b2f9db02a.jpg
354,data_resize_all/6.4_3293_zeiger2_2020-04-29_11-57-02.jpg
355,data_resize_all/4.0_2000_zeiger4_2019-06-03T112009.jpg
356,data_resize_all/7.3_5aa20fa0d6252ff78c7dd353d3e8609c.jpg
357,data_resize_all/5.0_0a71430128277405c501378b3aa25d20.jpg
358,data_resize_all/0.6_b56de36bc44f7b3e773a60a8226cafb5.jpg
359,data_resize_all/8.0_9d5861cabcc8e089881a3417b70f6f62.jpg
360,data_resize_all/2.6_3910269f764fc0dea1d50e276540f4a5.jpg
361,data_resize_all/3.0_067369009f93093b28a7292a1179a8c2.jpg
362,data_resize_all/1.4_0dddd893997cfe7801e84fa2b5708be3.jpg
363,data_resize_all/3.3_1646_zeiger4_2020-04-29_12-15-02.jpg
364,data_resize_all/6.4_e6989a823abd05e4b4d5ecc856de14aa.jpg
365,data_resize_all/2.2_1091_zeiger4_2019-06-03T052009.jpg
366,data_resize_all/3.5_1807_zeiger4_2019-06-05T043009.jpg
367,data_resize_all/9.2_4607_zeiger4_2019-09-15_05-20-12.jpg
368,data_resize_all/4.9_2400_zeiger4_2019-06-03T115009.jpg
369,data_resize_all/6.4_3244_zeiger4_2020-04-29_10-56-43.jpg
370,data_resize_all/2.1_1002_zeiger2_2019-06-05T051009.jpg
371,data_resize_all/8.2_4063_analog2_20200821-111522.jpg
372,data_resize_all/6.0_2995_zeiger4_2020-04-29_14-02-02.jpg
373,data_resize_all/3.6_ce9b927d27ad87faceb79f768f36d168.jpg
374,data_resize_all/6.1_main_ana3_20221213-140819.jpg
375,data_resize_all/3.8_1881_zeiger3_2020-04-29_14-10-02.jpg
376,data_resize_all/4.0_2003_zeiger4_2019-06-04T210009.jpg
377,data_resize_all/7.4_9e38bfba32bc9489798b435ac1cccb89.jpg
378,data_resize_all/4.4_2155_zeiger4_2019-06-01T211012.jpg
379,data_resize_all/4.9_8e2614b11589481b2ed51a4b8f84bc42.jpg
380,data_resize_all/9.5_4706_zeiger4_2019-06-01T202014.jpg
381,data_resize_all/0.4_0205_zeiger4_2019-11-19_06-52-03.jpg
382,data_resize_all/8.7_0c181d56dc4d0e6f525876397327d616.jpg
383,data_resize_all/0.2_243f03a371524f1c2217c47a10563f55.jpg
384,data_resize_all/3.2_3.3.jpg
385,data_resize_all/6.0_0b12810ef88c50fefe79109605b2e5e2.jpg
386,data_resize_all/2.3_525057225948a9c327d2496e4cc9bc81.jpg
387,data_resize_all/1.9_0890_zeiger3_2020-06-14_17-30-40.jpg
388,data_resize_all/4.0_69f38954f10856b8667536ec29258fee.jpg
389,data_resize_all/4.7_9649102debb4be13caf5a68e2b72b3a8.jpg
390,data_resize_all/9.1_4423_zeiger4_2019-06-03T183009.jpg
391,data_resize_all/0.7_0256_zeiger4_2019-09-15_05-00-12.jpg
392,data_resize_all/1.2_7c781f90511181f7aa3fdbeb95b2c188.jpg
393,data_resize_all/0.2_56d937362f793a348cdf03d517b33ddb.jpg
394,data_resize_all/6.8_3420_zeiger4_2019-09-15_06-00-12.jpg
395,data_resize_all/8.2_8.2.jpg
396,data_resize_all/6.5_3159_zeiger3_2019-11-19_02-42-03.jpg
397,data_resize_all/0.4_5a12776d8fe12d10281ee866ccf9548e.jpg
398,data_resize_all/2.0_23e9fa8f04bc9bb2599f9310a9766c5e.jpg
399,data_resize_all/4.4_56d6074aa71c252d4256c86f7d224327.jpg
400,data_resize_all/7.0_3412_zeiger3_2019-11-19_17-22-04.jpg
401,data_resize_all/3.2_1537_zeiger2_2019-06-01T174233.jpg
402,data_resize_all/3.6_533d85efe2d02650c68779e48875774d.jpg
403,data_resize_all/4.6_analog3_20200925-194829.jpg
404,data_resize_all/7.1_3611_zeiger4_2019-06-06T092009.jpg
405,data_resize_all/7.4_3747_zeiger3_2020-06-15_17-13-42.jpg
406,data_resize_all/8.0_769df79ab79833aa91ca26fdd54e2490.jpg
407,data_resize_all/8.8_e5a4e88140577fb9a7fd8080dfdc0c0c.jpg
408,data_resize_all/4.2_2188_zeiger4_2019-11-19_01-47-03.jpg
409,data_resize_all/4.1_2049_zeiger2_2019-09-14_20-30-29.jpg
410,data_resize_all/5.0_2b7c59781e936ee675e38b746f824e73.jpg
411,data_resize_all/7.4_3769_zeiger3_2019-11-19_09-57-03.jpg
412,data_resize_all/9.0_4482_zeiger4_2019-09-14_11-20-12.jpg
413,data_resize_all/6.2_3037_zeiger1_2019-09-14_20-10-12.jpg
414,data_resize_all/8.3_10cc970f6ecc3baaac000b2de708ab81.jpg
415,data_resize_all/5.7_53bc2d481422e0906e7c91c10e92c1af.jpg
416,data_resize_all/2.5_2.6.jpg
417,data_resize_all/9.6_aa1fa04bc803ba225a29218a10530731.jpg
418,data_resize_all/5.9_a519558ac45fd027d6c8066839202f33.jpg
419,data_resize_all/8.2_4057_analog1_20200816-021646.jpg
420,data_resize_all/0.1_f3d9ddc58b4f44272ff85c0500b791ff.jpg
421,data_resize_all/7.4_3768_zeiger3_2019-09-14_12-30-12.jpg
422,data_resize_all/3.0_1396_analog4_20200822-052923.jpg
423,data_resize_all/3.7_99c027da533fcba7a9eb7f1c83500759.jpg
424,data_resize_all/7.4_0f97d973863c2591cff2f191502008a0.jpg
425,data_resize_all/1.5_19ba84bf1ef14e425357d5b04f8637b7.jpg
426,data_resize_all/6.3_aa19269a0fbab1fc083afc028e30ae35.jpg
427,data_resize_all/7.2_3615_analog3_20200820-054748.jpg
428,data_resize_all/9.4_9.1.jpg
429,data_resize_all/0.9_674b6e5f8055a132d91120dc142be6f7.jpg
430,data_resize_all/8.5_6f0b0f3e70c81d8197fc78060a0c2b90.jpg
431,data_resize_all/6.3_3237_zeiger4_2019-06-02T185009.jpg
432,data_resize_all/7.2_d35bfb6c229f4eb76ac2c4029087a086.jpg
433,data_resize_all/3.2_e12f451f006fff76beec10cc0d21400a.jpg
434,data_resize_all/5.1_53a2239ff7377bf453965578097a4a4a.jpg
435,data_resize_all/1.8_58a2749430db11088475594ae8374bf8.jpg
436,data_resize_all/3.2_pointer_20211016-031403.jpg
437,data_resize_all/1.4_3c31166484058434214e72d05572c6b7.jpg
438,data_resize_all/4.0_c6e32c467cf2e51b2a06110a34db7441.jpg
439,data_resize_all/9.1_aeea66d7205870d48df759d542f43e25.jpg
440,data_resize_all/9.2_811f6dbc7cfcb9f9f71e93a845ac5986.jpg
441,data_resize_all/0.4_3833782a254a343355a914b075af7e7b.jpg
442,data_resize_all/7.1_08ecf92764f24292cfb76b25f6b5d058.jpg
443,data_resize_all/9.0_7fa1da6271aa21b508d6786f2d5df0aa.jpg
444,data_resize_all/8.4_4212_analog4_20200813-111418.jpg
445,data_resize_all/0.7_0287_zeiger3_2020-04-29_10-56-43.jpg
446,data_resize_all/8.2_4122_zeiger2_2020-06-14_08-33-40.jpg
447,data_resize_all/7.6_bf9b30d145967c3963108211787eb88a.jpg
448,data_resize_all/3.7_main_ana3_20221214-193621.jpg
449,data_resize_all/3.8_c477c74d90b97e8b7fe8b213b81e677c.jpg
450,data_resize_all/2.0_3132d3a5d83bc6497d4fdecce78ef8a1.jpg
451,data_resize_all/3.7_1882_zeiger3_2020-06-14_17-03-17.jpg
452,data_resize_all/5.0_1b60668ee2da6182dd33770837f235b0.jpg
453,data_resize_all/4.7_5dbf8d5742858d8e7ff0635d8faba6a6.jpg
454,data_resize_all/7.5_11115f06dd8dc24bfb235bc720d0ccd5.jpg
455,data_resize_all/8.8_78290a86802d3512e021ead22f1a1aee.jpg
456,data_resize_all/8.8_5c01f502eae5b8ebc64b8208fcaef011.jpg
457,data_resize_all/8.0_7cb2e8df6801cdf8270e4e66d8aa60ff.jpg
458,data_resize_all/2.5_3ad3a97b9f0d5037d8a03e52a25ecf03.jpg
459,data_resize_all/3.1_1fc3f48ee05c53bec6062486f3f0dfdc.jpg
460,data_resize_all/0.9_0383_analog3_20200818-130925.jpg
461,data_resize_all/4.1_e97a247ed6838f7de069fc5fdf8e0b23.jpg
462,data_resize_all/1.2_bd7c16dba8d09d1871fa7f26c542d7cb.jpg
463,data_resize_all/3.9_acc6f94bacf4271ff1b97ecc18e2556e.jpg
464,data_resize_all/0.3_0085_analog4_20200815-190815.jpg
465,data_resize_all/6.7_3435_zeiger1_2019-11-19_04-42-03.jpg
466,data_resize_all/7.0_5f9bd1f078f036b39eb7f92fc7559c2e.jpg
467,data_resize_all/3.5_c6025c3fe574a55332c8c1a789774177.jpg
468,data_resize_all/2.3_1eee6a86782e481956aee6606295eb00.jpg
469,data_resize_all/1.3_0527_zeiger4_2019-11-19_06-17-03.jpg
470,data_resize_all/3.1_1463_zeiger2_2020-04-29_12-02-11.jpg
471,data_resize_all/2.3_ceaf88c823047e2f37599ada3bdf3f84.jpg
472,data_resize_all/8.9_948cfd85cd30c97a931c75d74315dad2.jpg
473,data_resize_all/2.0_5d47b38e08fec2c5af7f98e3023603f5.jpg
474,data_resize_all/9.7_68f4aa7494a8904b5343fca3536f7ff0.jpg
475,data_resize_all/9.1_4569_zeiger4_2020-04-29_11-23-02.jpg
476,data_resize_all/2.0_0927_zeiger2_2020-04-29_12-32-02.jpg
477,data_resize_all/8.4_15c0263a48bb19f58ce3b7b3c0dd3c65.jpg
478,data_resize_all/9.5_9.4.jpg
479,data_resize_all/8.3_289488226b7b7887939af83f3f13443f.jpg
480,data_resize_all/0.2_0132_analog4_20200813-223410.jpg
481,data_resize_all/5.2_analog2_20200926-081756.jpg
482,data_resize_all/7.4_53a717848d79c103b2db52624895140c.jpg
483,data_resize_all/7.0_13e54f78c3285102da0627a3ea34c3fe.jpg
484,data_resize_all/2.7_44d5a6b56223f97269f9c1294a38875e.jpg
485,data_resize_all/3.2_main_ana3_20221214-180121.jpg
486,data_resize_all/3.4_1679_zeiger3_2019-11-19_08-22-03.jpg
487,data_resize_all/8.8_6bc93d79688ceda7a51fe041de3880ff.jpg
488,data_resize_all/4.0_1990_zeiger4_2019-06-01T190020.jpg
489,data_resize_all/8.4_4584982285e245f5b4631803741da746.jpg
490,data_resize_all/5.8_f65d1a889893a77c4e6ea99d4f222522.jpg
491,data_resize_all/6.6_46be518d62e8bb58e625826d7918a4d7.jpg
492,data_resize_all/4.7_8491d18717650492fbec094b6a351688.jpg
493,data_resize_all/9.2_4573_analog4_20200821-014239.jpg
494,data_resize_all/0.8_020cf5e2f6f66a8360749047aba87a35.jpg
495,data_resize_all/8.7_93daab00a26abd732f333767a2afac86.jpg
496,data_resize_all/0.7_abd8b66423f52745052a30c53de88fe7.jpg
497,data_resize_all/1.2_46ba7365d61db514d4e7c8f88a4532d0.jpg
498,data_resize_all/4.6_dc3fa6c0e721fad57dee7aa690898c6d.jpg
499,data_resize_all/1.2_main_ana3_20221214-180621.jpg
500,data_resize_all/7.3.jpg
501,data_resize_all/4.9_2463_zeiger3_2019-09-15_06-20-12.jpg
502,data_resize_all/2.8_1a3e322cfec861e7b134512597db8b03.jpg
503,data_resize_all/1.6_0762_zeiger4_2019-11-19_01-07-03.jpg
504,data_resize_all/1.1_e7c027b1c799bb75afb34e6ca25befb2.jpg
505,data_resize_all/1.9_0893_zeiger4_2019-06-02T103009.jpg
506,data_resize_all/0.6_7516b7fc7381416cc42913c399670d90.jpg
507,data_resize_all/1.2_0504_analog3_20200814-134221.jpg
508,data_resize_all/6.7_bf88fadf30fc4b06e29693747eb4f351.jpg
509,data_resize_all/0.3_f38f2eb5263c3f8159ae2d2a7168d5d5.jpg
510,data_resize_all/4.0_310bbe01005c4539dbb63ed47b30bc34.jpg
511,data_resize_all/5.5_1db0be8d49c5189e5eddac2f9979e6f0.jpg
512,data_resize_all/1.7_1b7ec45bcc1681dca1fe4cb6f05af915.jpg
513,data_resize_all/9.0_4473_zeiger3_2019-09-15_05-49-06.jpg
514,data_resize_all/2.2_10d71ce4d784da8bda8fb564118886b5.jpg
515,data_resize_all/1.7_0761_zeiger3_2020-06-14_08-38-09.jpg
516,data_resize_all/3.0_1520_zeiger4_2020-04-29_11-47-02.jpg
517,data_resize_all/6.4_1a508819371354464cb279a87376e931.jpg
518,data_resize_all/0.3_a4afe607772dd575cc1e7c36422dc541.jpg
519,data_resize_all/8.2_7c1d06242eecac01affee586f8e06221.jpg
520,data_resize_all/2.5_0b5199e0e354fbefb44cd22a340e166a.jpg
521,data_resize_all/1.0_db37d92ad06667b349228fc2b6a27060.jpg
522,data_resize_all/3.9_1901_analog2_20200817-163312.jpg
523,data_resize_all/7.8_e2365055e0fc006ccd8061d3cca1197d.jpg
524,data_resize_all/0.8_73bf1a353abcf5349073106bc7064211.jpg
525,data_resize_all/2.5_2d42bd9e748320505d6e55d780f698b1.jpg
526,data_resize_all/9.9_315603db044a1328cb5f8a094aed599b.jpg
527,data_resize_all/8.0_25ac250d74b862ec2cc164e4b099f257.jpg
528,data_resize_all/1.1_03a9706c07cb4ae369f754fa6244f9d9.jpg
529,data_resize_all/2.2_0f1654d4f09db42e8414d51225910009.jpg
530,data_resize_all/7.1_3668_zeiger4_2020-04-29_11-33-02.jpg
531,data_resize_all/3.3_0fd37303aeaa4b2f925f8aeffd48bbd1.jpg
532,data_resize_all/0.9_953f5bb5d4f71790c56c6fbcd2530305.jpg
533,data_resize_all/4.4_pointer_20211008-080205.jpg
534,data_resize_all/4.1_3cb0af641b87bfef71e2bb8d3126e00f.jpg
535,data_resize_all/6.5_2a71b3cfa8eaaf451eecd36e0e5b7d2f.jpg
536,data_resize_all/5.7_e50495abc5bf227f64168bf61451db77.jpg
537,data_resize_all/3.3_deb59dd19c8a3f5b349510e3acc49663.jpg
538,data_resize_all/2.0_pointer_20211008-173559.jpg
539,data_resize_all/1.4_pointer_20211011-145832.jpg
540,data_resize_all/7.1_00fa09e89e4064e516ea32b54cb19eed.jpg
541,data_resize_all/1.1_6bbda73421b91da8a0d2cfebbe4f7eb5.jpg
542,data_resize_all/2.3_4cd7838798b0a1a656fa5c1c5267339c.jpg
543,data_resize_all/5.6_2735_zeiger2_2019-09-14_13-30-12.jpg
544,data_resize_all/9.9_8fc8e279012dcde2b7556ce8871a8cec.jpg
545,data_resize_all/6.9_51a93f6660db926095eee0de365107f9.jpg
546,data_resize_all/3.0_82a0845fa13ed81b21495264130dc6a7.jpg
547,data_resize_all/5.0_c8abfb9be43dcfe57f063b5fc5bf16ed.jpg
548,data_resize_all/9.4_4751_zeiger2_2019-09-15_05-40-13.jpg
549,data_resize_all/3.0_787a72dfec2791256231366931fef601.jpg
550,data_resize_all/7.1_ana3_20220626-000213.jpg
551,data_resize_all/2.1_7b517db3f6349feff6f36b8d45ed8769.jpg
552,data_resize_all/8.5_4205_zeiger3_2020-06-16_04-01-36.jpg
553,data_resize_all/4.1_2047_zeiger2_2019-09-14_20-27-35.jpg
554,data_resize_all/1.8_58c60aab12f9e811d30540ea527bb181.jpg
555,data_resize_all/5.3_2538_zeiger1_2019-11-19_00-02-02.jpg
556,data_resize_all/8.8_010511481f4e7035718c29617a32726f.jpg
557,data_resize_all/9.3_919e154ecbf3b83604bb424a0e748c69.jpg
558,data_resize_all/6.6.jpg
559,data_resize_all/5.8_1b10131624a66a15fe78778f42a9863b.jpg
560,data_resize_all/8.2_4062_analog2_20200814-110306.jpg
561,data_resize_all/6.9_9a4de6c27a3cd57e40957ffb522e6282.jpg
562,data_resize_all/2.0_0931_zeiger3_2019-06-03T055009.jpg
563,data_resize_all/6.2_824573cbbde443bdd467c441c2ab242d.jpg
564,data_resize_all/1.9_0850_analog3_20200814-014654.jpg
565,data_resize_all/5.5_c307f0b1a3c99ffd4c3f77b95a47a405.jpg
566,data_resize_all/6.2_3089_zeiger3_2020-06-14_14-25-54.jpg
567,data_resize_all/6.1_3d0d1251befb160b3b205a7a01369fa2.jpg
568,data_resize_all/7.5_5b2843cac67c2857419b95cef90922b4.jpg
569,data_resize_all/9.6_analog3_20201030-202141.jpg
570,data_resize_all/8.4_ana4_20220629-150229.jpg
571,data_resize_all/8.1_4001_zeiger4_2019-06-02T105009.jpg
572,data_resize_all/2.5_2bcf5e3ebfa120ee24fa8d59ff22b2f3.jpg
573,data_resize_all/8.1_831681272346101c1cf606c92f7c0378.jpg
574,data_resize_all/1.8_72b82dd7629e21713ba691c5445632a0.jpg
575,data_resize_all/6.5_3272_zeiger1_2020-06-14_09-40-16.jpg
576,data_resize_all/9.2_1f769bb42f9b912ac3fb2810f4331e3b.jpg
577,data_resize_all/3.7_ana3_20220817-100931.jpg
578,data_resize_all/3.3_b6c8d6d745cb8d076b052f9fbc7f8ad7.jpg
579,data_resize_all/0.3_0148_zeiger3_2019-06-04T073009.jpg
580,data_resize_all/4.1_2042_zeiger2_2019-09-14_19-50-12.jpg
581,data_resize_all/6.0_1f4beac4e2b025d5f6fffc7366fac737.jpg
582,data_resize_all/8.3_4161_analog4_20200818-050148.jpg
583,data_resize_all/5.6_pointer_20211011-201358.jpg
584,data_resize_all/7.6_b1f47385966f894c4dcac5cbf6330bad.jpg
585,data_resize_all/4.4_17dcdf511a69ffe7708460ccf04a7b52.jpg
586,data_resize_all/3.8_b865f38fb9e3daa0060cab371f97c414.jpg
587,data_resize_all/7.1_320bb2cebee1729c01bb32aeca8247db.jpg
588,data_resize_all/3.0_122f580aba4d76c12daf48c8809eebe1.jpg
589,data_resize_all/5.6_2755_zeiger4_2019-06-06T101009.jpg
590,data_resize_all/5.2_35d7eaa4cd02c4ce683c8c1e89040742.jpg
591,data_resize_all/3.2_e445991cc18ab0fe9bb479af4f7e5d2a.jpg
592,data_resize_all/5.4_177e69f971cf04be059d41c050a59861.jpg
593,data_resize_all/4.6_pointer_20211012-110728.jpg
594,data_resize_all/8.8_7e0c810199cd43bfc6891e87144c4489.jpg
595,data_resize_all/3.9_0d0eb7f9c4aa7e6e1474a38f4359ae64.jpg
596,data_resize_all/5.8.jpg
597,data_resize_all/4.1_3561d70f515be5926e1c95dcabd63a20.jpg
598,data_resize_all/5.7_2726_analog4_20200817-143024.jpg
599,data_resize_all/5.4_2682_zeiger3_2020-06-14_08-56-07.jpg
600,data_resize_all/1.5_0672_zeiger3_2019-11-19_19-52-04.jpg
601,data_resize_all/5.1_03a699cf47d80e3f1a4ace83d29463d0.jpg
602,data_resize_all/0.7_11e94ec62eb5a1eaf8db39a2304d177d.jpg
603,data_resize_all/3.9_1942_analog3_20200815-205535.jpg
604,data_resize_all/1.4.jpg
605,data_resize_all/6.2_6.1.jpg
606,data_resize_all/5.4_c316cd3214e78ea17ee55e6c752db1da.jpg
607,data_resize_all/5.2_22896zeiger3_2020-06-16_17-03-11.jpg
608,data_resize_all/9.2_4564_zeiger3_2020-06-14_18-34-57.jpg
609,data_resize_all/1.0_0399_zeiger2_2020-06-14_08-47-20.jpg
610,data_resize_all/6.2_bf779b6e10d44450dcc09d94857f3bf8.jpg
611,data_resize_all/1.4_26fbdf938538453083cafc4a4f4f502b.jpg
612,data_resize_all/8.1_e8cd5827f6d9cbb09b7004d294afae73.jpg
613,data_resize_all/7.7_20ffb634c71bab8fc9be118607e8147f.jpg
614,data_resize_all/9.4_26b3334236f43cd1b56dd96ddbbf4c6a.jpg
615,data_resize_all/3.7_pointer_20211011-123027.jpg
616,data_resize_all/8.8_39154c1662583209606ac2d9c20234a2.jpg
617,data_resize_all/0.7_0258_analog3_20200817-155337.jpg
618,data_resize_all/8.3_76ecb2694d09919237d8495271868ad1.jpg
619,data_resize_all/9.4_4764_zeiger3_2019-11-19_18-32-04.jpg
620,data_resize_all/4.6_0d06bf733ca5dcd40da5e2ab0bcc2457.jpg
621,data_resize_all/0.0_04b173a2a89d74ae96e4619b8c91db33.jpg
622,data_resize_all/7.8_d27d41844606d52517423f1f0d5a5ad7.jpg
623,data_resize_all/8.8_6c1d26a5619fe6399b9abc84c24c1420.jpg
624,data_resize_all/9.4_e2694e4ad0778aaf8d1c08fa2de4a81d.jpg
625,data_resize_all/9.1_4746f8282bf77b133a83039a93fec379.jpg
626,data_resize_all/4.2_2112_zeiger3_2019-11-19_02-07-03.jpg
627,data_resize_all/4.4_7a43d7be2291c5ce871fe11e8cfc0780.jpg
628,data_resize_all/0.6_91ed4390257db3722ef6c98256d7052d.jpg
629,data_resize_all/6.2_b476e34fbd2808c1decc7eb2d85d3a7b.jpg
630,data_resize_all/6.3_3092_analog4_20200814-123000.jpg
631,data_resize_all/7.0_3489_zeiger1_2019-06-02T181009.jpg
632,data_resize_all/3.0_cce7712f8a40a6bdba645a22334c792d.jpg
633,data_resize_all/5.4_5658e60b82d1c70e24116a95a17bd7ee.jpg
634,data_resize_all/8.8_4333_zeiger4_2019-06-01T201013.jpg
635,data_resize_all/6.5_3117_zeiger1_2019-09-15_05-10-12.jpg
636,data_resize_all/7.0_3488_analog4_20200813-185654.jpg
637,data_resize_all/2.9_c935920d63548bb1cf8f1785db97a57d.jpg
638,data_resize_all/4.7_4b7fc425cd231cf6ce776135fec76562.jpg
639,data_resize_all/2.4_1140_analog1_20200817-172714.jpg
640,data_resize_all/0.5_0156_zeiger1_2019-06-04T094009.jpg
641,data_resize_all/6.0_5cd4d1d14fa286d803bfc68efdeb8807.jpg
642,data_resize_all/8.7_4daac85ea378d1519a38d4318ff960b9.jpg
643,data_resize_all/1.0_a755ce1872fc7b45fc681b8f4760d3c7.jpg
644,data_resize_all/1.8_0bce9aebd6a4db61d23b46ad0723efc9.jpg
645,data_resize_all/4.7_77b71ca670498193789cdf4d14578bc9.jpg
646,data_resize_all/3.6_b614d79a5065afeb2fabe4c0bc5ce62b.jpg
647,data_resize_all/4.3_d7ab47d17fb9d37003becb60ff8376d8.jpg
648,data_resize_all/1.0_pointer_20211007-211907.jpg
649,data_resize_all/8.0_4051_zeiger4_2019-11-19_07-42-03.jpg
650,data_resize_all/7.8_210cd3384345c29c993bdb624c9eafe2.jpg
651,data_resize_all/7.8_ana4_20220817-100440.jpg
652,data_resize_all/7.9_3991_zeiger2_2020-06-14_16-50-43.jpg
653,data_resize_all/8.9_4425_zeiger4_2019-06-04T174009.jpg
654,data_resize_all/4.6_27d2266faf2bfe76dd8352883821c61c.jpg
655,data_resize_all/0.5_analog2_20200930-052612.jpg
656,data_resize_all/4.6_1ea28f634a44dbe1b67cce91d96b08c2.jpg
657,data_resize_all/5.9_2b67820fbe352aa59309ca0dd327c672.jpg
658,data_resize_all/5.7_53202090013dc227b2dc3cf24e9a978f.jpg
659,data_resize_all/5.6_2736_zeiger2_2019-09-14_22-50-13.jpg
660,data_resize_all/9.6_main_ana3_20221214-174621.jpg
661,data_resize_all/2.4_1175_zeiger4_2019-11-19_02-07-03.jpg
662,data_resize_all/1.1_018404edfcb68bb1405fd68358650797.jpg
663,data_resize_all/1.9_0891_zeiger3_2020-06-15_19-22-14.jpg
664,data_resize_all/6.1_061dd6b290c737a1e72c41d98feecfe0.jpg
665,data_resize_all/5.7_2843_zeiger4_2019-06-03T210009.jpg
666,data_resize_all/6.6_3353_zeiger3_2020-04-29_11-57-02.jpg
667,data_resize_all/1.2_main_ana3_20221213-120635.jpg
668,data_resize_all/6.1_ba20efe7193adfdcdf1b841074465634.jpg
669,data_resize_all/3.5_3b5a7b86bac43cc225fb84ddbf95d3f4.jpg
670,data_resize_all/4.2_78baee45e2d30eb6d113f63aa9f2b518.jpg
671,data_resize_all/3.1_5336b0c4e6b7962e96c361b6802ffd82.jpg
672,data_resize_all/3.2_9180957235c2e902d14a25cad74cb8e7.jpg
673,data_resize_all/4.9_2449_zeiger1_2019-06-02T092009.jpg
674,data_resize_all/4.6.jpg
675,data_resize_all/4.6_2362_analog3_20200814-071728.jpg
676,data_resize_all/0.9_0303_zeiger1_2019-06-04T154009.jpg
677,data_resize_all/4.2_5eaa8556ef1ec19beca3437174ed3d76.jpg
678,data_resize_all/8.1_09398153e0696e9d542daa824785f90d.jpg
679,data_resize_all/5.2_28a0dd8050d4de160506e5f7415ff36e.jpg
680,data_resize_all/1.3_0556_zeiger3_2019-06-01T161012.jpg
681,data_resize_all/6.0_3649d93fe89689d1e6e86485a9af50fd.jpg
682,data_resize_all/6.7_analog1_20201030-213605.jpg
683,data_resize_all/4.0_0074c6a84d18db308021594ff9419062.jpg
684,data_resize_all/2.0_5f88ba4effbece36968e23aec1e4c49c.jpg
685,data_resize_all/8.3_4109_analog4_20200813-043852.jpg
686,data_resize_all/9.5_4766_zeiger4_2019-06-01T164011.jpg
687,data_resize_all/2.6_pointer_20211015-140414.jpg
688,data_resize_all/1.8_4f925c0e4f43f9d0a81744217ad779b4.jpg
689,data_resize_all/2.5_74c2095b6c21afaba0de837a6fd2558f.jpg
690,data_resize_all/4.2_2127_zeiger4_2020-04-29_13-22-02.jpg
691,data_resize_all/4.1_2120_zeiger4_2019-06-03T171009.jpg
692,data_resize_all/4.5_64b9d8fa0f646c8b7007a7ef4d53d930.jpg
693,data_resize_all/5.8_357537d3f4a19e6b30b5ebb805fbe6ff.jpg
694,data_resize_all/1.5_0691_zeiger2_2020-04-29_11-29-02.jpg
695,data_resize_all/1.5_0639_analog1_20200814-151314.jpg
696,data_resize_all/3.5_85f369b634657ed9bd567d354b85230b.jpg
697,data_resize_all/6.8_3426_analog2_20200816-075213.jpg
698,data_resize_all/4.9_2536_analog3_20200814-233447 - Kopie.jpg
699,data_resize_all/5.6_1f48d6bd3fc40354b9253b4352c4c554.jpg
700,data_resize_all/4.3_35e6478a21e953d9ee5de53b14b72f18.jpg
701,data_resize_all/4.8_analog1_20201007-155509.jpg
702,data_resize_all/1.1_1db5d135ec483f111501d7594f15cecd.jpg
703,data_resize_all/6.6_3291_zeiger2_2019-09-15_05-20-12.jpg
704,data_resize_all/4.0_ec351329dbea0c7272d52b7badc9ddc1.jpg
705,data_resize_all/3.5_2627c7a57c1b0efb0669ddf19ae7ef76.jpg
706,data_resize_all/0.5_662f152c1717b7a81b1b11ff5b4d919c.jpg
707,data_resize_all/9.0_113d922474dbae6e37c926892a084dd0.jpg
708,data_resize_all/7.5_530c14a2abbd3afe7c75af50d0722dda.jpg
709,data_resize_all/4.0_4.1.jpg
710,data_resize_all/8.7_4243_zeiger4_2019-06-02T191009.jpg
711,data_resize_all/6.8_f89b3b77c7d47aaa185d72ec3a36a973.jpg
712,data_resize_all/3.3_1698_zeiger4_2019-11-19_01-57-03.jpg
713,data_resize_all/9.5_4730_analog2_20200820-184826.jpg
714,data_resize_all/6.1_3020_zeiger3_2019-11-19_06-27-03.jpg
715,data_resize_all/1.5_24ac24c8fa8d725cba874627dd12b058.jpg
716,data_resize_all/3.4_1736_analog4_20200813-195537.jpg
717,data_resize_all/5.5_2f57e5d28c516450e32a34b5d57d6b5b.jpg
718,data_resize_all/0.3_0099_zeiger1_2020-06-14_14-12-08.jpg
719,data_resize_all/3.6_pointer_20211011-091850.jpg
720,data_resize_all/2.9_3521e1c41e98437be03a23eb5283fe1b.jpg
721,data_resize_all/1.4_3716f1cf8c7fafec08541cf375679bef.jpg
722,data_resize_all/7.1_3536_zeiger4_2019-06-05T140009.jpg
723,data_resize_all/9.4_4729_zeiger4_2020-04-29_10-47-26.jpg
724,data_resize_all/8.3_4119_zeiger2_2019-11-19_08-17-03.jpg
725,data_resize_all/3.1_ana1_20220629-152229.jpg
726,data_resize_all/3.4_bb2454a9079fb538291cb22e4a1294ad.jpg
727,data_resize_all/5.2_14eae547875bf34d3df41edc476fe0b9.jpg
728,data_resize_all/8.9_db13abd3f5d9ecc6b69e180ba94bbacc.jpg
729,data_resize_all/9.1_analog1_20201006-063830.jpg
730,data_resize_all/1.6_04801c1476bdbb964650c2beb7eb644f.jpg
731,data_resize_all/3.2_1524_analog1_20200818-065813 - Kopie.jpg
732,data_resize_all/7.4_3796_zeiger4_2019-09-14_19-50-12.jpg
733,data_resize_all/2.0.jpg
734,data_resize_all/7.8_ana4_20220623-100200.jpg
735,data_resize_all/6.8_87067dea681dcb4c39dcff58663ad62b.jpg
736,data_resize_all/2.6_2.7.jpg
737,data_resize_all/0.4_0161_zeiger2_2020-04-29_12-08-02.jpg
738,data_resize_all/9.2_4565_zeiger4_2019-06-06T131009.jpg
739,data_resize_all/8.6_4206_zeiger4_2019-06-05T044009.jpg
740,data_resize_all/0.7_0255_zeiger3_2020-06-14_17-18-15.jpg
741,data_resize_all/4.1_98335b9fc961e02454519c2ac5897d2a.jpg
742,data_resize_all/3.9_1904_analog4_20200820-001616.jpg
743,data_resize_all/3.0_1f763f4d8312d2a842e7adfa38458270.jpg
744,data_resize_all/1.6_0692_zeiger2_2020-06-14_16-56-25.jpg
745,data_resize_all/8.8_8.9.jpg
746,data_resize_all/0.8_16d48ad349dd9c7428a0fd445afb53de.jpg
747,data_resize_all/4.9_04413e06700f7217cb39fac17f5690ad.jpg
748,data_resize_all/6.2_3040_zeiger1_2019-09-14_20-27-35.jpg
749,data_resize_all/0.3_08561e46e692093b4b273c89f3679fd3.jpg
750,data_resize_all/6.9_47882110647686aa302377ad1dfb5bf6.jpg
751,data_resize_all/2.4_6384cc9aa9df9361d9a1df5fdc27c914.jpg
752,data_resize_all/7.9_4022_zeiger2_2019-06-02T085009.jpg
753,data_resize_all/2.2_9e85529d1f7508961cbb32eb6f735d92.jpg
754,data_resize_all/9.0_839e27da7461bacae5d942fc67609fc2.jpg
755,data_resize_all/5.4_97c63208892ea72b36c2c76ae0695970.jpg
756,data_resize_all/5.7_2781_analog1_20200815-182423 - Kopie.jpg
757,data_resize_all/9.8_5a1aad41da47172b789d2093ef1af9fb.jpg
758,data_resize_all/5.3_2659_zeiger4_2019-06-05T051009.jpg
759,data_resize_all/4.8_0280623a79c9a8b70938d7200b60bb59.jpg
760,data_resize_all/0.8_0286_zeiger3_2019-11-19_11-02-03.jpg
761,data_resize_all/3.5_1795_zeiger4_2019-06-01T165011.jpg
762,data_resize_all/3.2_a22dfadef716fce4a8bbf8023c3a8884.jpg
763,data_resize_all/1.2_2ee414c49346f1b14fd69c40040db427.jpg
764,data_resize_all/5.0_007a7845b86bad6c2b494b061bc64b8c.jpg
765,data_resize_all/2.2_75cc0e2e0c21cd7f06102ec3364a3f11.jpg
766,data_resize_all/7.7_0c2412cdef4dd3c853ad612124c4248a.jpg
767,data_resize_all/0.9_0268_zeiger1_2019-06-04T150009.jpg
768,data_resize_all/6.5_b084e9d9f9c53b6eece5694ba11b8be7.jpg
769,data_resize_all/9.0_b65560e24c3927bc340ef22aa8a773dd.jpg
770,data_resize_all/3.3_1618_zeiger3_2019-06-01T165011.jpg
771,data_resize_all/5.0_5ce74889410d91cac8b1041d4c6e1443.jpg
772,data_resize_all/5.4_5.5.jpg
773,data_resize_all/1.8_0843e2dae35058e7ceaa9963e75b8aef.jpg
774,data_resize_all/3.6_9eee6d93a9e275a657f7fada0817f53e.jpg
775,data_resize_all/8.0_4015_analog3_20200822-112020.jpg
776,data_resize_all/2.9_1a6dff25eaaa5a0e0f8f512c3a5c6f48.jpg
777,data_resize_all/4.6_2405_zeiger4_2019-11-19_01-42-03.jpg
778,data_resize_all/9.6_e512bcc089d7453275d0288df1e3749a.jpg
779,data_resize_all/5.8_2892_zeiger4_2020-04-29_14-17-02.jpg
780,data_resize_all/1.3_0560_zeiger4_2019-06-06T172010.jpg
781,data_resize_all/9.6_d511392e0d657a473c78c689630d43c1.jpg
782,data_resize_all/1.3_0c71e18c9553ab75038ad886967e82f1.jpg
783,data_resize_all/4.7_2397_zeiger3_2020-06-15_17-39-24.jpg
784,data_resize_all/9.1_4537_zeiger2_2019-11-19_09-22-03.jpg
785,data_resize_all/3.3_analog3_20201001-062503.jpg
786,data_resize_all/2.0_0940_zeiger4_2019-06-04T054009.jpg
787,data_resize_all/1.7_0675_analog1_20200817-071434.jpg
788,data_resize_all/8.8_38d14a24de94cf83b178f6c1c0344bfc.jpg
789,data_resize_all/9.6.jpg
790,data_resize_all/5.6_628319f087e15ba2b0815bdf2b7b685a.jpg
791,data_resize_all/0.3_ac562e437f56d107dfcd96311fff6d9b.jpg
792,data_resize_all/3.1_692709121e9fbd3679df0180d12494aa.jpg
793,data_resize_all/7.9_1099905f711ef5fdc34e0f5e098fac9e.jpg
794,data_resize_all/5.7_4dde79b8e9eb6336f7c98b15e622a46a.jpg
795,data_resize_all/9.3_c5c6ff7c7ab7d35d0ecc001225b0fd9e.jpg
796,data_resize_all/9.4_2a2891530d9b1ed3f14dc5390ab017d8.jpg
797,data_resize_all/8.2_4101_zeiger4_2020-04-29_11-59-02.jpg
798,data_resize_all/6.3_224dc58a03f4c4cbae5bd69672c05a3b.jpg
799,data_resize_all/5.5_ana4_20220629-224731.jpg
800,data_resize_all/5.3_917aa5902144e6219195dcbc1ca4e42a.jpg
801,data_resize_all/7.2_ana1_20220629-165729.jpg
802,data_resize_all/9.5_0754f0633b1029adba555bff01918f45.jpg
803,data_resize_all/1.8_0892_zeiger4_2019-06-02T101009.jpg
804,data_resize_all/4.3_7cb0371638e9a555e23badfaed47c813.jpg
805,data_resize_all/8.7_aae3ef2d654d751c015e887d5e0973a9.jpg
806,data_resize_all/4.0_1984_zeiger3_2019-11-19_09-42-03.jpg
807,data_resize_all/7.2_3655_zeiger4_2019-06-03T135009.jpg
808,data_resize_all/6.9_3484_zeiger4_2020-04-29_13-12-02.jpg
809,data_resize_all/7.3_3757_zeiger1_2020-04-29_13-14-02.jpg
810,data_resize_all/3.9_1899_analog1_20200815-083117.jpg
811,data_resize_all/0.2_71cb15f34eae196cb16f3d7ca457c337.jpg
812,data_resize_all/4.9_4288a1e5398d1eca2225dc9076953586.jpg
813,data_resize_all/0.6_0bd21d49f293688103ee79226ffe50a7.jpg
814,data_resize_all/1.3_6ab79171f15ffb8a00229297c5294aaa.jpg
815,data_resize_all/6.1_6a6cbb6e03c3e3abb97806eab4fc5b3d.jpg
816,data_resize_all/7.6_3913_zeiger3_2019-11-19_06-22-03.jpg
817,data_resize_all/7.6_184b2d1f91b134cb775b317b54c1a0cf.jpg
818,data_resize_all/9.4_864cdfdb19a3d46126e95b259bf498d1.jpg
819,data_resize_all/7.7_3851_analog4_20200821-235348.jpg
820,data_resize_all/5.2_0a029a7b72d35550e74d56984f83dbe7.jpg
821,data_resize_all/0.3_2ba2a542233f9d7688ae673c5b1b3e30.jpg
822,data_resize_all/3.5.jpg
823,data_resize_all/5.8_73e0dd5d5c3904afb4a8b2f68c37ff18.jpg
824,data_resize_all/3.9_ana3_20220629-153729.jpg
825,data_resize_all/4.5_2227_zeiger3_2019-11-19_01-37-02.jpg
826,data_resize_all/0.8_0282_zeiger2_2020-04-29_13-27-02.jpg
827,data_resize_all/2.5_analog3_20200926-214906.jpg
828,data_resize_all/8.8_77b23a1066872d95e9bda164e5ab4064.jpg
829,data_resize_all/3.6_80d41586e868bdbd138a0c7e8d37d421.jpg
830,data_resize_all/1.9_513e961fe5d0dadbe7d3643a2a29e4f7.jpg
831,data_resize_all/8.7_4339_analog2_20200813-020218.jpg
832,data_resize_all/5.7_2798_zeiger4_2019-09-15_05-50-13.jpg
833,data_resize_all/7.9_4000_zeiger3_2020-06-15_08-55-47.jpg
834,data_resize_all/8.8_c8f48320341efd9873b8a7e738c779b2.jpg
835,data_resize_all/2.6_2ad17a221a9b3b1af6c0e67030d941b7.jpg
836,data_resize_all/7.8_0c7d8f49a0e4855cbb35d453343abbce.jpg
837,data_resize_all/6.1_32acefae9d4454ead084f44b91d35e38.jpg
838,data_resize_all/3.5_1737_analog4_20200814-141641.jpg
839,data_resize_all/5.1.jpg
840,data_resize_all/3.8_b07399f4ae5e7497097443d55a71b3e4.jpg
841,data_resize_all/6.8_316a9b8756ee729c4a068a2a2f952715.jpg
842,data_resize_all/1.7_32327ed5ce30e4b79172ab569ec76ba8.jpg
843,data_resize_all/1.2.jpg
844,data_resize_all/1.8_pointer_20211011-212054.jpg
845,data_resize_all/9.6_00a320ca9ef2a27c49120be5b580719e.jpg
846,data_resize_all/0.0_427b900cf0702e5143d256c11f9bbc8e.jpg
847,data_resize_all/5.6_ana1_20220817-100440.jpg
848,data_resize_all/6.8_3478_zeiger4_2019-11-19_17-37-04.jpg
849,data_resize_all/8.0_4043_zeiger3_2020-04-29_13-27-02.jpg
850,data_resize_all/6.2_9bf99513d1e8236b7cd6dfc224c041d1.jpg
851,data_resize_all/5.6_d23b6669b33302d2ab3190aeb8eb0d62.jpg
852,data_resize_all/1.8_0713_zeiger1_2019-06-01T161012.jpg
853,data_resize_all/3.4_f457305f6cb8f2a6fc4a543ddafbcb7c.jpg
854,data_resize_all/2.1_1093_zeiger4_2019-06-04T171009.jpg
855,data_resize_all/6.6_5cd3c768c09965a9e5d23d5b21ea5d3b.jpg
856,data_resize_all/8.8_4def02eb4bc6e58c4d0c7481a93f68b5.jpg
857,data_resize_all/0.7_bb903b14ec439cdff7ba2573b64ac4e0.jpg
858,data_resize_all/9.6_pointer_20211023-052841.jpg
859,data_resize_all/0.3_0.2.jpg
860,data_resize_all/4.4_23cdf09afb7a329da507065b4f2e0786.jpg
861,data_resize_all/1.2_3f446ec07096e5767bf1d75ea299ae24.jpg
862,data_resize_all/0.4_0163_zeiger3_2019-09-14_23-10-12.jpg
863,data_resize_all/8.0_4013_analog3_20200813-135936.jpg
864,data_resize_all/1.4_0634_zeiger4_2020-04-29_11-26-02.jpg
865,data_resize_all/4.2_4694a8dc029f10c88455f1d2dc7e1bc0.jpg
866,data_resize_all/7.8_934fc2f5ccf64a2442ccef6b2fa04603.jpg
867,data_resize_all/3.9_ana4_20220627-002717.jpg
868,data_resize_all/7.9_23a66f3611897efae00e5f8ece2fcb12.jpg
869,data_resize_all/7.7_74de1aa4b242c7634af4cebf40859b7b.jpg
870,data_resize_all/1.2_1.1.jpg
871,data_resize_all/1.1_0440_zeiger2_2019-06-04T024009.jpg
872,data_resize_all/3.8_157e6c33abee9facbff527eb49e41377.jpg
873,data_resize_all/0.9_d7792ee7261d388d9f45ac627b7bc041.jpg
874,data_resize_all/7.2_analog2_20201011-075113.jpg
875,data_resize_all/7.1_3545_analog1_20200815-230155.jpg
876,data_resize_all/8.1_90359ad05bf77b062e6ed89506645fcb.jpg
877,data_resize_all/7.7_6490c173143ecaa6ebdeecd19023bb06.jpg
878,data_resize_all/4.5_ana1_20220626-050213.jpg
879,data_resize_all/5.0_2520_zeiger4_2019-06-04T141009.jpg
880,data_resize_all/5.8_2818_analog3_20200818-165523.jpg
881,data_resize_all/9.4_aeb72af3213494c0a88629f2b3a60647.jpg
882,data_resize_all/0.6_32ef685c975b1322a248c01dc76d55b4.jpg
883,data_resize_all/1.2_0525_zeiger3_2019-06-02T182009.jpg
884,data_resize_all/8.5_a52a45ad003360421626c5a8e70bf1c8.jpg
885,data_resize_all/5.1_7b1bedf20776c9a84682ef88155e4131.jpg
886,data_resize_all/8.9_4416_zeiger3_2019-09-14_11-20-12.jpg
887,data_resize_all/5.7_ana4_20220624-100204.jpg
888,data_resize_all/8.4_analog2_20200927-150752.jpg
889,data_resize_all/5.5_2740_zeiger2_2020-04-29_13-31-02.jpg
890,data_resize_all/8.5_4211_analog1_20200816-075704.jpg
891,data_resize_all/7.7_1093bb9f1da224c1b91492bcb00b2064.jpg
892,data_resize_all/9.8_4906_analog3_20200820-181642.jpg
893,data_resize_all/2.9_a58b46c1b72020c5a0fd58874b16fe5c.jpg
894,data_resize_all/5.6_2dc3f2f1fee610ad878915c769112cef.jpg
895,data_resize_all/2.3_244f94acb4a21e87e4841774a17ae9e9.jpg
896,data_resize_all/5.6_2760_zeiger4_2020-04-29_13-09-02.jpg
897,data_resize_all/7.0_4f247f78495704a7d593bcc6d7657d5e.jpg
898,data_resize_all/4.5_a1f76999bb3e88f22100ae65b68b70b0.jpg
899,data_resize_all/9.0_319d6814fc235d9fd09a5e213920de67.jpg
900,data_resize_all/6.4_8dfbb1e54334c23791c2247db53ae50e.jpg
901,data_resize_all/5.5_f02eb417fef6b298060a03a203691fb2.jpg
902,data_resize_all/3.5_0bf3b9835f75a87ec45b50b56b911761.jpg
903,data_resize_all/8.3_4132_zeiger3_2020-06-14_16-50-43.jpg
904,data_resize_all/2.4_1206_zeiger4_2019-06-04T072009.jpg
905,data_resize_all/9.1_23c33a4e722212a42c708ea6932a72fd.jpg
906,data_resize_all/4.3_2140_zeiger2_2019-09-14_12-40-12.jpg
907,data_resize_all/9.0_228c1eeb80ae80571b5d11a38d3823ad.jpg
908,data_resize_all/9.2_4699_zeiger3_2019-11-19_18-12-04.jpg
909,data_resize_all/8.5_3b3abd4281ab6190f8d3d8e8bcdf7064.jpg
910,data_resize_all/9.2_4522_zeiger1_2019-06-03T111009.jpg
911,data_resize_all/2.2_1054_zeiger1_2019-06-01T174233.jpg
912,data_resize_all/0.4_ad16a3e8bd781b60d6b7e44982175b89.jpg
913,data_resize_all/2.7_1241_zeiger2_2019-06-04T053009.jpg
914,data_resize_all/5.5_2696_zeiger4_2019-06-06T055009.jpg
915,data_resize_all/5.5_2723_zeiger3_2020-06-14_12-15-54.jpg
916,data_resize_all/4.4_625d0036b6dd3d73113437bb0e9cc17b.jpg
917,data_resize_all/1.4_0590_zeiger4_2019-06-02T171009.jpg
918,data_resize_all/9.6_4800_zeiger3_2020-06-16_19-24-22.jpg
919,data_resize_all/3.5_1787_zeiger2_2019-09-15_06-20-12.jpg
920,data_resize_all/6.6_main_ana3_20221215-064620.jpg
921,data_resize_all/6.7_11894a97fdf06e9f9afdb270a4cab3b3.jpg
922,data_resize_all/2.0_0947_analog2_20200819-164047.jpg
923,data_resize_all/5.6_07ce6246e6206d7a65436c016c70c097.jpg
924,data_resize_all/1.9_618471d0e44f6f3d0fdbe847aa974eaf.jpg
925,data_resize_all/1.5_2ef5c79265d75feecdb1f209a37fde8b.jpg
926,data_resize_all/9.1_7c4634e387d5d509349b31607c039824.jpg
927,data_resize_all/5.9_2888_zeiger4_2019-09-14_11-00-12.jpg
928,data_resize_all/7.6_3816_analog3_20200819-073929.jpg
929,data_resize_all/7.1_084b7c893e036c81de1f3b0978c85063.jpg
930,data_resize_all/5.2_bff5134a2b4a2eecbd389aa5d17895ca.jpg
931,data_resize_all/5.4_8dd26a2247686683f763c53474712b7a.jpg
932,data_resize_all/9.4_analog2_20200925-194829.jpg
933,data_resize_all/4.5_d0ad4e791ffbc7356de8dc8382ca46b0.jpg
934,data_resize_all/9.5_4610_zeiger4_2019-11-19_13-27-03.jpg
935,data_resize_all/0.7_0233_zeiger4_2019-06-05T054009.jpg
936,data_resize_all/8.3_41d7410a0055bba4a336f583d8865eb7.jpg
937,data_resize_all/8.5_689bdb99de46477b76a2410771ca3430.jpg
938,data_resize_all/5.5_622e6de9cce0d6d4682e28c5bd578f59.jpg
939,data_resize_all/7.2_3614_analog2_20200822-032757.jpg
940,data_resize_all/9.4_4703_zeiger3_2020-04-29_11-18-02.jpg
941,data_resize_all/0.9_0d6778de9cf2c5fe59353ae0ed3d80fe.jpg
942,data_resize_all/5.4_4c1d5a2bea926c9966e2182d97be68fe.jpg
943,data_resize_all/8.2_b9f570affb75c348cc6f56d32f16dbf9.jpg
944,data_resize_all/3.2_1540_zeiger2_2019-09-14_11-40-12.jpg
945,data_resize_all/8.7_4305_zeiger2_2019-11-19_08-47-03.jpg
946,data_resize_all/2.9_1395_zeiger4_2020-04-29_14-30-02.jpg
947,data_resize_all/5.2_pointer_20211022-092259.jpg
948,data_resize_all/1.2_0522_zeiger2_2020-06-15_13-04-07.jpg
949,data_resize_all/9.8_a4646837ec0ef966cb615d0e83a80ff7.jpg
950,data_resize_all/1.9_0942_zeiger4_2020-04-29_11-35-02.jpg
951,data_resize_all/6.2_545dc08796ff546a06774c2840d337d7.jpg
952,data_resize_all/8.0_fcf8e00e910284c952b71703d32f2ac9.jpg
953,data_resize_all/9.5_29681542289faa69719c8a0328e3924e.jpg
954,data_resize_all/2.7_1306_analog2_20200817-151940.jpg
955,data_resize_all/4.1_2130_analog2_20200816-042447.jpg
956,data_resize_all/3.0_1471_zeiger3_2019-06-01T164011.jpg
957,data_resize_all/7.5_3827_zeiger1_2020-06-15_14-30-25.jpg
958,data_resize_all/8.9_4405_zeiger1_2020-06-15_16-31-01.jpg
959,data_resize_all/8.2_039f7122415415002187c80e6736f869.jpg
960,data_resize_all/2.4_1139_analog1_20200814-194013.jpg
961,data_resize_all/9.5_33e7c566e95c93fedc1db35c43c77d3c.jpg
962,data_resize_all/1.5_5aae8cb1d3d01a9ca9963a03632f25fd.jpg
963,data_resize_all/8.4_4170_zeiger2_2020-06-15_19-06-47.jpg
964,data_resize_all/9.6_5b046ded88310f7bd0425368ef2ac2e4.jpg
965,data_resize_all/0.2_7273ebd6222ca6f11a9efb89b164f666.jpg
966,data_resize_all/5.1_2535_zeiger4_2019-11-19_01-37-02.jpg
967,data_resize_all/2.5_376d515ad0375dbb701522c1e9a6a618.jpg
968,data_resize_all/2.0_444225bfd5643b7aca728301be586060.jpg
969,data_resize_all/1.0_0384_zeiger1_2019-06-04T171009.jpg
970,data_resize_all/1.6_0705_zeiger4_2019-06-03T130009.jpg
971,data_resize_all/5.5_2700_zeiger4_2019-11-19_09-07-03.jpg
972,data_resize_all/6.4_3242_zeiger4_2019-06-06T122009.jpg
973,data_resize_all/3.1_1389_zeiger3_2019-11-19_12-17-03.jpg
974,data_resize_all/5.1_8daed43c08764686af4e30cf92855a89.jpg
975,data_resize_all/4.1_4ef5fecd8cabde2e47af97e5bf581f12.jpg
976,data_resize_all/3.8_47511cc27350d70896ac0bcacc4ed834.jpg
977,data_resize_all/7.8_pointer_20211022-074259.jpg
978,data_resize_all/0.8_0289_zeiger3_2020-06-14_09-27-48.jpg
979,data_resize_all/0.4_a0124fab8ccc2580f36474055e95210c.jpg
980,data_resize_all/9.5_4777_zeiger2_2020-06-16_17-03-11.jpg
981,data_resize_all/9.0_4484_zeiger4_2019-11-19_01-12-03.jpg
982,data_resize_all/7.9_7ea202456c12d3726ac4d2bfc26c4f49.jpg
983,data_resize_all/3.9_64a0f2631a1d2e38e6aff976c9dce018.jpg
984,data_resize_all/5.9_5.9.jpg
985,data_resize_all/6.1_3013_zeiger2_2020-06-14_11-50-46.jpg
986,data_resize_all/3.7_1814_analog1_20200821-173148.jpg
987,data_resize_all/4.7_e3116e9ea13ab6e5c0f976efad82acf0.jpg
988,data_resize_all/7.5_ana4_20220624-153205.jpg
989,data_resize_all/3.1_1497_zeiger4_2019-11-19_02-22-03.jpg
990,data_resize_all/0.5_2bcf254ad1249c8e657903f4cc8a4760.jpg
991,data_resize_all/6.2_38841983063114d33e40762939948518.jpg
992,data_resize_all/7.1_db8cb6c41d9ddb97f73cf5431b067ebc.jpg
993,data_resize_all/7.0_3594_zeiger3_2019-11-19_16-02-04.jpg
994,data_resize_all/1.0_2d65e567e0b0824ea75c89fc318f6d96.jpg
995,data_resize_all/1.5_b4cef2d79a59bdf95148cb1ad78ead30.jpg
996,data_resize_all/4.7_b371c6bf71deb6d914ee3b516f82aae6.jpg
997,data_resize_all/2.7_1366_zeiger4_2019-06-02T104009.jpg
998,data_resize_all/6.8_7188809ca3751b06bd6131dcc9f16073.jpg
999,data_resize_all/3.3_1695_zeiger4_2019-09-14_23-00-13.jpg
1000,data_resize_all/1.2_0349c2d8f3f1853a9335d9fbf0d140c5.jpg
1001,data_resize_all/4.7_a568e4b4b59ef99bea090da242605601.jpg
1002,data_resize_all/0.8_f0eace7721f12d64fff0d256b2251b44.jpg
1003,data_resize_all/8.2_2560e7cf0bdfa2a1943f729b6279a4af.jpg
1004,data_resize_all/1.6_67a424052619fc625b0086f6f7f7c437.jpg
1005,data_resize_all/4.8_0957c5e6af69781ab67742e4238696f4.jpg
1006,data_resize_all/2.4_a1498ec1e2e4d604871758cf51e23c11.jpg
1007,data_resize_all/0.2_c3af6af151a91351162ed03ca7fc984f.jpg
1008,data_resize_all/9.1_021a15b96a910316ca9fc037dfd6db0b.jpg
1009,data_resize_all/7.2_3548_analog2_20200814-201301.jpg
1010,data_resize_all/1.9_0936_zeiger3_2019-11-19_11-07-03.jpg
1011,data_resize_all/7.5_3829_zeiger2_2019-06-02T084009.jpg
1012,data_resize_all/5.4_5e45fa57ff14aac6965f69665a404a31.jpg
1013,data_resize_all/1.5_5219ed6bf246bdb0c8a6272a6d4251c7.jpg
1014,data_resize_all/7.0_5624216e3feee0263cb131f7214ac03d.jpg
1015,data_resize_all/9.5_07fe020e1f2f6e115d3af04d656d0b04.jpg
1016,data_resize_all/0.7_41690d0a76a3ffafcebb04e72fc3ba06.jpg
1017,data_resize_all/6.1_8e288076ef20955606137b8fb256e2a0.jpg
1018,data_resize_all/9.0_28aafe323c02d0fbf039100b9152e57d.jpg
1019,data_resize_all/6.3_3243_zeiger4_2019-06-06T123009.jpg
1020,data_resize_all/3.3_ed15a808f8ca200d417b948858e84f10.jpg
1021,data_resize_all/1.0_e8da5d55b889daa7071b93296b6f15b6.jpg
1022,data_resize_all/2.8_d8a2111bc1603b2b30c38e88e2749049.jpg
1023,data_resize_all/1.7_15a4b91d8195f0694440c065c49f28d1.jpg
1024,data_resize_all/0.7_0214_analog4_20200814-161117.jpg
1025,data_resize_all/9.8_adc4d1b3806051194924389d902c84fb.jpg
1026,data_resize_all/3.5_4a43ff3dd7a6366069124b80cf089213.jpg
1027,data_resize_all/5.0_3af53876b589b3e74085394c9eb8c50b.jpg
1028,data_resize_all/9.6_05cca84766f8de102f2f0e5419350e63.jpg
1029,data_resize_all/0.3_0084_analog2_20200816-221937.jpg
1030,data_resize_all/2.9_2ad3dd7d058798612aef75f5f958534d.jpg
1031,data_resize_all/7.0_pointer_20211015-060800.jpg
1032,data_resize_all/1.8_75dd3145e3bdcb42663f4e448cf9d138.jpg
1033,data_resize_all/0.9_ee11f5d52cb26d4efeaab150ed06a80c.jpg
1034,data_resize_all/1.7_dc849be23648ba86ecd99fdc647edefb.jpg
1035,data_resize_all/6.6_ana3_20220626-050213.jpg
1036,data_resize_all/3.7_main_ana3_20221213-123635.jpg
1037,data_resize_all/3.4_99fe587bcb55a97d7ff0016222a7abb8.jpg
1038,data_resize_all/5.8_f0dbafc97ed915971cc02bf7d70bfa5b.jpg
1039,data_resize_all/7.0_17ecc3ffc44ab69e67bd55af1b71572c.jpg
1040,data_resize_all/1.1_0529_zeiger4_2020-04-29_12-14-02.jpg
1041,data_resize_all/9.0_177bde29b3c60fecf33cd5538c4637f2.jpg
1042,data_resize_all/0.2_pointer_20211010-214243.jpg
1043,data_resize_all/0.4_dabf5982cdfd1f93f76861ef28c47e81.jpg
1044,data_resize_all/8.1_0761a0280deebaeef0927f5d70b9cf92.jpg
1045,data_resize_all/1.8_466c3013bbd409b62633a51bc1cb3709.jpg
1046,data_resize_all/6.6_70cb80541792d6ed5a2d8d3a7be6b51b.jpg
1047,data_resize_all/4.5.jpg
1048,data_resize_all/8.1_9804055b6b52aeb1fc0b335b14a472c6.jpg
1049,data_resize_all/9.8_4926_zeiger2_2020-02-17_17-43-42.jpg
1050,data_resize_all/9.0_a33a382f0fb721e2fc70684820eeab4c.jpg
1051,data_resize_all/2.3_1e5e64228c7421e08667f1e56b70ed9e.jpg
1052,data_resize_all/5.2_ana2_20220623-141701.jpg
1053,data_resize_all/0.7_pointer_20211008-185559.jpg
1054,data_resize_all/5.9_ana4_20220625-100210.jpg
1055,data_resize_all/0.2_8695ab6d3baaf381ca3e5099a6aae92f.jpg
1056,data_resize_all/3.9_0991882a767a8e9b2357d4047177e5dc.jpg
1057,data_resize_all/3.1_1479_zeiger3_2019-11-19_12-07-03.jpg
1058,data_resize_all/9.0.jpg
1059,data_resize_all/1.0_1ba964d23e8caf55f0cf81112da1123a.jpg
1060,data_resize_all/9.6_ana2_20220626-001213.jpg
1061,data_resize_all/9.3_7828b99d31eadb1fd2df69ec736d8557.jpg
1062,data_resize_all/7.5.jpg
1063,data_resize_all/1.3_e8f50deb1ed585e7bf549144c9735986.jpg
1064,data_resize_all/6.3_3052_zeiger2_2019-06-02T041013.jpg
1065,data_resize_all/1.5_5e35a75a8e8a82f0a8528cf45ffde56e.jpg
1066,data_resize_all/6.6_3295_zeiger3_2019-09-14_22-50-13.jpg
1067,data_resize_all/2.7_a663d5902ac100ec24c5a05aa5d88dd8.jpg
1068,data_resize_all/5.1_aa7a430a9853711da4ee285139fde485.jpg
1069,data_resize_all/4.3_9cdccaf04f5ed86f2033e9ad790b5307.jpg
1070,data_resize_all/9.2_pointer_20211022-060300.jpg
1071,data_resize_all/9.2_baa27d9780a24869ea9ea49e4769e4ad.jpg
1072,data_resize_all/7.5_3847_zeiger4_2019-09-14_12-20-13.jpg
1073,data_resize_all/5.7.jpg
1074,data_resize_all/7.4_f5db926e12941f8bdbbcf33d5f0ec8a7.jpg
1075,data_resize_all/6.6_bbeaf4f3ed8a5710f298fafaf7dd8441.jpg
1076,data_resize_all/8.4_4141_zeiger4_2020-04-29_13-15-02.jpg
1077,data_resize_all/0.7_15ee9bd9c9e0d8135d50a3b7d2859135.jpg
1078,data_resize_all/4.5_b47a362895c8e909dfc929468c50deab.jpg
1079,data_resize_all/1.0_0396_zeiger2_2019-09-15_06-10-12.jpg
1080,data_resize_all/1.4_analog2_20200926-075840.jpg
1081,data_resize_all/7.8_1b2e815c2dfd4dc2b1bee368c9ee3db5.jpg
1082,data_resize_all/0.4_ana1_20220625-132710.jpg
1083,data_resize_all/5.8_d7563746c4a7014724c31a744ca00c62.jpg
1084,data_resize_all/5.9_analog3_20201023-225653.jpg
1085,data_resize_all/0.3_0e81959dc0e81e5f79710399becf8440.jpg
1086,data_resize_all/8.9_3ea7168e61dd0fd6d98c838c8eacbb12.jpg
1087,data_resize_all/5.4.jpg
1088,data_resize_all/7.9_7.8.jpg
1089,data_resize_all/5.4_main_ana3_20221213-130105.jpg
1090,data_resize_all/7.7_dea25d2fe06d2ee843a1993d1d53c380.jpg
1091,data_resize_all/9.7_810ab5a789373bc1f47d93b27b1b84e3.jpg
1092,data_resize_all/1.1_0501_zeiger3_2020-06-14_14-22-28.jpg
1093,data_resize_all/3.4_pointer_20211014-221029.jpg
1094,data_resize_all/8.4_d49c8cceb0ad8435ece362a2c938d076.jpg
1095,data_resize_all/8.3_ccd9d4fc14b62ae13bbf63888d318366.jpg
1096,data_resize_all/7.4_3753_analog4_20200814-085140.jpg
1097,data_resize_all/0.4_14fec4da417bf876a7c78fef56b422b9.jpg
1098,data_resize_all/9.2_61940b47b8edf6d800ead935e5194583.jpg
1099,data_resize_all/4.5_ana3_20220629-225731.jpg
1100,data_resize_all/4.1_a8443d14f892e4acc7b6786b173b33f1.jpg
1101,data_resize_all/5.7_bb102aa247cc11820064a3e2aca38264.jpg
1102,data_resize_all/2.3_29f54323964611316d18467e8cb42473.jpg
1103,data_resize_all/4.6_2288_analog3_20200817-140118.jpg
1104,data_resize_all/0.6_6a517ddd6260406cd48d9dccf644d6d1.jpg
1105,data_resize_all/1.9_a9a849b34826a5fb7b064598f3b31ea3.jpg
1106,data_resize_all/5.2_5c9002b177e332faa825e6e8bb10664f.jpg
1107,data_resize_all/0.2_0d37069a334b3c4ce4ac1c498497579c.jpg
1108,data_resize_all/1.9_0855_zeiger1_2020-06-14_14-18-59.jpg
1109,data_resize_all/4.1_4.2.jpg
1110,data_resize_all/6.5_6.4.jpg
1111,data_resize_all/9.4_ana4_20220626-110214.jpg
1112,data_resize_all/5.9_2870_zeiger2_2019-09-14_23-00-13.jpg
1113,data_resize_all/4.2_4c28c2f4b3ba9368185e84664fa3fbef.jpg
1114,data_resize_all/5.3_ee8a355f02c09af39f48a8b8d3ec7d91.jpg
1115,data_resize_all/8.0_4014_analog3_20200813-170718.jpg
1116,data_resize_all/7.8_45413b99c984d009bebe98383bd1793f.jpg
1117,data_resize_all/2.6_ana2_20220626-050213.jpg
1118,data_resize_all/9.3_37c3d6adc3cdfaf0119b6feb597ed370.jpg
1119,data_resize_all/6.2_main_ana3_20221213-140319.jpg
1120,data_resize_all/0.2_0027_zeiger4_2019-06-02T090009.jpg
1121,data_resize_all/2.5_521e1dae4c230c9f5a96a17d4abe8d09.jpg
1122,data_resize_all/1.5_0673_zeiger4_2020-04-29_12-18-02.jpg
1123,data_resize_all/9.7_2cf03a7ee1054c9c21ba02215b6e9a91.jpg
1124,data_resize_all/1.2_1135fe85e936d64f12c69af151c21014.jpg
1125,data_resize_all/5.4_81bc9be226fc2147186eca9f2b783d24.jpg
1126,data_resize_all/4.0_22708f2f193ca47aa150e3e767f56d12.jpg
1127,data_resize_all/7.8_34175a9a8e1b6169ad03ab9bc69096fe.jpg
1128,data_resize_all/6.0_2983_zeiger4_2019-06-02T073839.jpg
1129,data_resize_all/3.1_c397aa89e178c4b4f6c6bc480016a441.jpg
1130,data_resize_all/3.5_1786_zeiger1_2020-06-14_17-14-51.jpg
1131,data_resize_all/0.4_0179_analog4_20200815-171449.jpg
1132,data_resize_all/0.7_0257_zeiger4_2020-04-29_10-58-40.jpg
1133,data_resize_all/7.3_3749_zeiger4_2019-11-19_01-22-03.jpg
1134,data_resize_all/9.2_32c1e9d34f96b3aae90c1ddaee02cf77.jpg
1135,data_resize_all/5.1_ccbabfdfa2e6cea60e4b89228a69ebc4.jpg
1136,data_resize_all/5.9_6.0.jpg
1137,data_resize_all/1.4_44a885c219661c684c011c942bdee88a.jpg
1138,data_resize_all/4.0_1986_zeiger3_2019-11-19_09-52-03.jpg
1139,data_resize_all/4.6_2239edc09b2766c67a72a3e6bbf1014b.jpg
1140,data_resize_all/6.1_3091_zeiger4_2020-04-29_12-17-02.jpg
1141,data_resize_all/5.3_74d1015d2773d882df259f01e1e3dad9.jpg
1142,data_resize_all/0.9_df601c5ad68872a87055430235872f1b.jpg
1143,data_resize_all/5.8_main_ana3_20221213-125605.jpg
1144,data_resize_all/7.8_3928_zeiger2_2019-11-19_07-12-03.jpg
1145,data_resize_all/3.7_1824_zeiger4_2019-06-06T185009.jpg
1146,data_resize_all/1.6_0680_zeiger1_2020-06-15_17-13-42.jpg
1147,data_resize_all/0.8_231f631b6c58bf2e92e0a487cbd30737.jpg
1148,data_resize_all/5.3_e046159c358ff9fdc11dc68ec08f8d42.jpg
1149,data_resize_all/2.7_1325_zeiger3_2020-06-14_13-55-00.jpg
1150,data_resize_all/4.1_2124_zeiger4_2020-04-29_11-28-02.jpg
1151,data_resize_all/1.3_0129d319492d9e912f7d10f9541a8466.jpg
1152,data_resize_all/9.9_4cb559d572ab1e26e32cb20bcfd590e0.jpg
1153,data_resize_all/4.6_d0c67f28c0153c2e1595be0f815c9423.jpg
1154,data_resize_all/8.0_ana4_20220629-183230.jpg
1155,data_resize_all/2.3.jpg
1156,data_resize_all/8.2_4110_zeiger1_2019-09-15_06-20-12.jpg
1157,data_resize_all/0.4_8bf927e69af366b1ac02d6e0a233a629.jpg
1158,data_resize_all/4.2_1226edadff5a24797464771b148eaadc.jpg
1159,data_resize_all/5.4_2632_zeiger1_2019-09-14_13-30-12.jpg
1160,data_resize_all/4.2_e503476b892e37a2a67ef49bd826d2d4.jpg
1161,data_resize_all/5.1_229d7a6b0d15c90ce2a7cff7a782571a.jpg
1162,data_resize_all/0.6_6e1b1ef0964ebfb97141d4b346d080f7.jpg
1163,data_resize_all/2.5_4f8082a6699be53fbce2eecb3b4631a6.jpg
1164,data_resize_all/3.5_f27d67e7b9ddf1b725cae6180fc83b58.jpg
1165,data_resize_all/6.4_a402cf5c3cdc400a76b1a874c24f7b04.jpg
1166,data_resize_all/3.8_d8361bfca336b28adeb65f545f2e7271.jpg
1167,data_resize_all/5.8_2810_analog1_20200819-010922.jpg
1168,data_resize_all/5.0_ana2_20230501-145208.jpg
1169,data_resize_all/2.7_da175f26de0f7f07cd6236b2a28239c0.jpg
1170,data_resize_all/8.8_6192db55ccc15bc498ec61f105d7ca4d.jpg
1171,data_resize_all/0.4_pointer_20211010-021111.jpg
1172,data_resize_all/2.3_a961f9b89c6c69715e50aaf17f444a61.jpg
1173,data_resize_all/3.0_ec2227062fae8051411745527befc6c4.jpg
1174,data_resize_all/4.7_19af8cba3f725dad8326b170ed6eb793.jpg
1175,data_resize_all/6.2_23ec872b3a5c8a44f08035d2cd82eaed.jpg
1176,data_resize_all/4.1_4e0b56d4b2094d70184b0e44d27f110c.jpg
1177,data_resize_all/6.5_3345_zeiger2_2020-04-29_12-05-02.jpg
1178,data_resize_all/2.2.jpg
1179,data_resize_all/6.0_2897_zeiger3_2019-11-19_01-12-03.jpg
1180,data_resize_all/6.6_1c59da9a571cacefc866f2c4fd9c946d.jpg
1181,data_resize_all/3.4_1720_zeiger4_2019-06-03T051009.jpg
1182,data_resize_all/8.6_4285_zeiger2_2019-06-01T202014.jpg
1183,data_resize_all/7.9_3921_analog4_20200814-145840.jpg
1184,data_resize_all/1.6_analog3_20200930-111543.jpg
1185,data_resize_all/1.7_a61b7e6d7b078f92ba4f5b3cf5f63d43.jpg
1186,data_resize_all/8.0_10379cd7623f772faeea85bf23137b45.jpg
1187,data_resize_all/7.2_ana4_20220629-225231.jpg
1188,data_resize_all/3.1_1544_zeiger2_2020-06-14_14-17-50.jpg
1189,data_resize_all/8.4_a2614b241520fb496aa8c04f7e52409e.jpg
1190,data_resize_all/8.0_4048_zeiger4_2019-06-06T105009.jpg
1191,data_resize_all/3.0_1485_zeiger3_2020-04-29_13-05-02.jpg
1192,data_resize_all/5.1_2573_zeiger4_2020-04-29_14-25-02.jpg
1193,data_resize_all/3.4_1689_zeiger3_2019-11-19_09-32-03.jpg
1194,data_resize_all/1.5_0b27e29bebde84098201cf20d3de76f3.jpg
1195,data_resize_all/8.3_8.3.jpg
1196,data_resize_all/4.3_5b9e538c19a684aa8167a846abdd5441.jpg
1197,data_resize_all/6.9_f666dc97a4ca1b13ec98f34980d21734.jpg
1198,data_resize_all/9.2_4602_zeiger3_2019-11-19_02-12-03.jpg
1199,data_resize_all/2.1_24c8c66855f5027c9ff4fd5c4f983ce8.jpg
1200,data_resize_all/3.1_bb553c01cfb39754137cec2bd112022f.jpg
1201,data_resize_all/5.7_776fd489b0edb094b1f22369dcf52d72.jpg
1202,data_resize_all/4.2_17849fdd3be0ca6a4d2284a6616079f0.jpg
1203,data_resize_all/8.3_4144_analog3_20200814-005417.jpg
1204,data_resize_all/1.2_3550038cd33d743750e64ab6a716be90.jpg
1205,data_resize_all/2.4_2f98c0ceaa6f0f720b6ed155ed9a5c4a.jpg
1206,data_resize_all/1.8_59bd7dbc42300b2db72875b0cbe857fb.jpg
1207,data_resize_all/8.9_b8b1755cfa3dfd252ac71953bfe366cb.jpg
1208,data_resize_all/1.8_29d2f19b0e55e8b73cb46eea5caed22e.jpg
1209,data_resize_all/9.8_166942e23d29eef618f47437c736d6d8.jpg
1210,data_resize_all/1.0_105f0d6bdeabe277071ebe2ae97364e8.jpg
1211,data_resize_all/0.4_0.3.jpg
1212,data_resize_all/5.8_2850_analog3_20200813-232223.jpg
1213,data_resize_all/9.4_caa10d6d51e584eb154de8762db0aea5.jpg
1214,data_resize_all/6.1_0f8cc04837a6c32fd34348152a1e1643.jpg
1215,data_resize_all/4.2_eae454f54a7795ae3c99f2ce907984ab.jpg
1216,data_resize_all/8.3_dc2b987ee05cda3c841c1976a9e6e004.jpg
1217,data_resize_all/7.0_38502b6924f019d23177a0831ec2501f.jpg
1218,data_resize_all/2.0_0930_zeiger3_2019-06-01T201013.jpg
1219,data_resize_all/4.2_pointer_20211010-103636.jpg
1220,data_resize_all/0.1_508678d2fd3ac9c2f9505dc67a9c27ef.jpg
1221,data_resize_all/4.7_826dcb69b828fb130348defb4c3d2677.jpg
1222,data_resize_all/5.0_22a6a0b4cef4c14482c73db40d33f98b.jpg
1223,data_resize_all/8.0_main_ana3_20221213-142036.jpg
1224,data_resize_all/0.8_0300_zeiger4_2019-09-15_05-10-12.jpg
1225,data_resize_all/3.7_3.7.jpg
1226,data_resize_all/8.3_cc4cc79801bbbac820b0b195cf066603.jpg
1227,data_resize_all/7.2_analog1_20200927-193846.jpg
1228,data_resize_all/1.6_5b3a4c496e5261a4b86e4b1edebfc6bd.jpg
1229,data_resize_all/3.7_3.8.jpg
1230,data_resize_all/0.9_0290_zeiger4_2019-06-02T093009.jpg
1231,data_resize_all/5.0_95478a66b9d77f2306227f03eff0ec6d.jpg
1232,data_resize_all/8.7_54e9e913dbc695db4d0aed7b96adc7a0.jpg
1233,data_resize_all/4.5_f311f8309d5d3e37634bdba27005b61d.jpg
1234,data_resize_all/0.6_5367ed7438cbf4365041548e310a2416.jpg
1235,data_resize_all/1.5_0759_zeiger3_2020-04-29_11-37-01.jpg
1236,data_resize_all/8.9_4427_zeiger4_2019-09-14_11-30-12.jpg
1237,data_resize_all/7.7_244d076791ca3e64b8d3322b3724fc35.jpg
1238,data_resize_all/3.1_0ca7959d3100d87457c77c236fb38f7d.jpg
1239,data_resize_all/6.0_2928_analog4_20200815-210026.jpg
1240,data_resize_all/4.1_8a1b2a2e8cbc801d7f04701d55df3e29.jpg
1241,data_resize_all/9.3_4613_zeiger4_2020-04-29_13-18-02.jpg
1242,data_resize_all/1.9_3eeea372ffbebd9bb931012f3cef1013.jpg
1243,data_resize_all/2.5_4c1566da5b111cc6f623a7c50bc988d7.jpg
1244,data_resize_all/7.8_3996_zeiger3_2019-11-19_17-37-04.jpg
1245,data_resize_all/3.5_1700_analog1_20200812-230442 - Kopie.jpg
1246,data_resize_all/9.3_42726e503d98fb5ba277158e08c58b06.jpg
1247,data_resize_all/9.1_4493_analog2_20200817-231957.jpg
1248,data_resize_all/3.0_1489_zeiger3_2020-06-16_16-32-32.jpg
1249,data_resize_all/2.0_6e4a0c21bbc03e69a19a45a6cad4b083.jpg
1250,data_resize_all/1.5_ana4_20220623-081159.jpg
1251,data_resize_all/2.1_1045_zeiger4_2020-04-29_14-11-01.jpg
1252,data_resize_all/3.4_1721_zeiger4_2019-06-04T075009.jpg
1253,data_resize_all/6.7_3365_zeiger1_2019-11-19_02-37-03.jpg
1254,data_resize_all/6.5_3fe99d8d606d17e81cc4252cf2df29e5.jpg
1255,data_resize_all/9.2_9.2.jpg
1256,data_resize_all/7.5_adfd2533f18609916526563dbeab2586.jpg
1257,data_resize_all/9.3_a0952b7fcfb807eca24931409c7e287b.jpg
1258,data_resize_all/7.0_1e781872e114eb9bb865763fa19dd893.jpg
1259,data_resize_all/1.8_22cae0da6ea3b4840332b9b6ae35b205.jpg
1260,data_resize_all/9.7_7869e09b27854cc5cf0b022014e46f35.jpg
1261,data_resize_all/4.8_0fca88228ea40ff3d31fff62e40c9293.jpg
1262,data_resize_all/6.3_ana4_20220629-154729.jpg
1263,data_resize_all/7.7_809f6c9e734960c76f9ad42472780197.jpg
1264,data_resize_all/1.0_pointer_20211008-235058.jpg
1265,data_resize_all/3.4.jpg
1266,data_resize_all/0.2_b996a82eca0579959c32b800815d045b.jpg
1267,data_resize_all/1.9_0878_zeiger3_2019-09-14_20-25-52.jpg
1268,data_resize_all/4.4_2277_zeiger4_2019-06-02T085009.jpg
1269,data_resize_all/3.9_main_ana3_20221213-124105.jpg
1270,data_resize_all/1.3_pointer_20211016-125747.jpg
1271,data_resize_all/9.3_65d411ed2a999f5006a658f340ba861d.jpg
1272,data_resize_all/4.5_ana4_20220627-003217.jpg
1273,data_resize_all/0.4_a6e16cc4dc00ffaef17172aa43d72124.jpg
1274,data_resize_all/3.7_58b4064617caa6231581197351fbe557.jpg
1275,data_resize_all/6.9_cd9c8efecb714713a8f85338085f5b71.jpg
1276,data_resize_all/0.3_0104_zeiger2_2019-11-19_10-57-03.jpg
1277,data_resize_all/3.0_1490_zeiger4_2019-06-03T161009.jpg
1278,data_resize_all/2.0_952554eb27c0d7878cb77a6d789a77c9.jpg
1279,data_resize_all/4.4_2282_zeiger4_2019-06-04T185009.jpg
1280,data_resize_all/7.3_a4accb1ac1e16cc3d5fa1a28ccbe35e8.jpg
1281,data_resize_all/5.7_28976d4fb4b7a5aded3d73e6d76739e8.jpg
1282,data_resize_all/7.1_3544_zeiger4_2019-09-14_22-50-13.jpg
1283,data_resize_all/8.5_04d8b22655abc8ba503a8ef5bebd48d4.jpg
1284,data_resize_all/9.8_781dc0d6ef4bf61bd43026e0a1a52056.jpg
1285,data_resize_all/4.3_437d041fc824e644aedf6aa70e73606f.jpg
1286,data_resize_all/0.8_ana4_20220629-153729.jpg
1287,data_resize_all/4.9_8021f30d84e2bc3188b27aff0c63329c.jpg
1288,data_resize_all/5.4_209429b75e95e367732f4f4d833feea1.jpg
1289,data_resize_all/4.6_0f1353f0ed208e7a6228b5fbaac7bf63.jpg
1290,data_resize_all/1.3_0b85618e40775c67e0e36199b60219db.jpg
1291,data_resize_all/3.3_d10c96df85965a79954935f2b4a1e077.jpg
1292,data_resize_all/8.8_ana4_20220622-105655.jpg
1293,data_resize_all/1.8_0844_zeiger4_2019-11-19_15-32-04.jpg
1294,data_resize_all/3.8_1735_analog3_20200817-073358.jpg
1295,data_resize_all/6.8_6.7.jpg
1296,data_resize_all/0.6_0234_zeiger4_2019-06-05T163009.jpg
1297,data_resize_all/5.1_cc3a3d2aaad0f9f9261a13f35e4dfcde.jpg
1298,data_resize_all/9.6_65c660d48d3bd177fb4fe8ddad96f99f.jpg
1299,data_resize_all/3.9_4.0.jpg
1300,data_resize_all/2.3_1141_analog4_20200816-185815.jpg
1301,data_resize_all/0.0_bf8d67ab08b7a77050011690d0ca0bbe.jpg
1302,data_resize_all/3.5_1646244529cc4088ec502f2de1c901af.jpg
1303,data_resize_all/7.8_3a0a680f92b105771bfd229cf1e399e3.jpg
1304,data_resize_all/5.0_2446_analog1_20200813-104010.jpg
1305,data_resize_all/3.9_1970_zeiger2_2019-11-19_18-32-04.jpg
1306,data_resize_all/4.5_5c0d55e1d2e7a6573e36b5be5baa6346.jpg
1307,data_resize_all/0.3_44325e462ba5ecbe224f05b023527f83.jpg
1308,data_resize_all/6.1_0471f80dc91854e8549435a96bdf5e01.jpg
1309,data_resize_all/8.9_analog2_20201003-081301.jpg
1310,data_resize_all/2.1.jpg
1311,data_resize_all/6.1_3010_zeiger2_2019-11-19_01-22-03.jpg
1312,data_resize_all/8.5_4b9567d3cff57364311ddb2a96e62c77.jpg
1313,data_resize_all/5.2_ana4_20220624-101704.jpg
1314,data_resize_all/0.2_3e6d4f91774a3437d482413d3430d52a.jpg
1315,data_resize_all/7.5_3843_zeiger3_2020-04-29_12-31-02.jpg
1316,data_resize_all/2.0_e75ee25092ad22fce1abd2d4289cc883.jpg
1317,data_resize_all/3.9.jpg
1318,data_resize_all/7.9_ana4_20220817-100931.jpg
1319,data_resize_all/8.0_4050_zeiger4_2019-06-06T150009.jpg
1320,data_resize_all/8.5_4241_zeiger3_2019-11-19_02-17-03.jpg
1321,data_resize_all/7.4_f70dfee8356c0e4d273ffe49ec7cab46.jpg
1322,data_resize_all/7.5_1f981927cb4965661b9b119fa3d4063f.jpg
1323,data_resize_all/5.9_12342fb0bad945e583bc8c8c7a21888c.jpg
1324,data_resize_all/0.2_97925fc48a53ffdc1771f9e310d9e9e3.jpg
1325,data_resize_all/3.6_03c6114abf229bf6c8400fb6ee21d8ba.jpg
1326,data_resize_all/7.7_3945_zeiger4_2019-06-02T094010.jpg
1327,data_resize_all/6.9_ba7fada72dd111abbbcc73b11fda1dd6.jpg
1328,data_resize_all/1.0_0377_zeiger4_2019-06-06T151009.jpg
1329,data_resize_all/4.9_7058ded46bd1c078d124c276b7ba1af0.jpg
1330,data_resize_all/0.5_286e3de251c54b44785520209af7bb49.jpg
1331,data_resize_all/4.8_2439_zeiger3_2020-06-16_19-34-46.jpg
1332,data_resize_all/7.9_4fc59d4990b9ab81712f18c24f52f6e9.jpg
1333,data_resize_all/9.0_022656a1cf941a762eecf00b88d23512.jpg
1334,data_resize_all/9.0_4474_zeiger3_2020-02-12_16-41-06.jpg
1335,data_resize_all/7.3_49ccb6c82ca261f12e65881ecfa0163d.jpg
1336,data_resize_all/9.6_4806_zeigeru__2019-06-02T10500.jpg
1337,data_resize_all/8.5_19ff6680c7934b07ba3230441521a6d3.jpg
1338,data_resize_all/9.7_94e5a2fab73bcf6f0c36b28fb9ecedc2.jpg
1339,data_resize_all/7.0_bff9626694b42aafc401231f3e50e8c4.jpg
1340,data_resize_all/5.3_84c20b8e22b48cfdb97a445df75a4a50.jpg
1341,data_resize_all/0.2_0081_analog1_20200820-233906.jpg
1342,data_resize_all/1.6_023d551a292f0f7f3b23bafb5944c961.jpg
1343,data_resize_all/6.8_78d774c411810a37beb97c7e23bef990.jpg
1344,data_resize_all/1.0.jpg
1345,data_resize_all/5.1_2572_zeiger4_2020-04-29_13-28-02.jpg
1346,data_resize_all/4.2_2162_zeiger4_2019-06-06T093009.jpg
1347,data_resize_all/6.6_5364a9fa3ebeb26c5d32aad631207f44.jpg
1348,data_resize_all/2.7_1317_zeiger2_2019-11-19_02-17-03.jpg
1349,data_resize_all/4.1_2fc93b2548d98fcb2ff0d2e220bcdbcd.jpg
1350,data_resize_all/6.3_ec88d988eb29f8d17d30af10473f8405.jpg
1351,data_resize_all/0.4_e9ca2dc145e6c8fe78ad9dd80d2b218a.jpg
1352,data_resize_all/6.3_3102_zeiger1_2019-06-06T150009.jpg
1353,data_resize_all/9.2_main_ana3_20221213-142434.jpg
1354,data_resize_all/1.3_1fe175f541247c9266791695b0689d43.jpg
1355,data_resize_all/3.5_3.6.jpg
1356,data_resize_all/9.6_cd86b45ff0c0511886b07703c594b39d.jpg
1357,data_resize_all/3.2_c8d2d8972042530b81474e264dcfdfbe.jpg
1358,data_resize_all/4.8_875ad9ff9e02aeb4f7b5fbb6790464e1.jpg
1359,data_resize_all/4.6_2235_zeiger1_2019-06-02T084009.jpg
1360,data_resize_all/8.1_8.1.jpg
1361,data_resize_all/4.5_563c7e7309505197b5a72302f541b319.jpg
1362,data_resize_all/9.1_d2c4ad026e111d226a0554428d88a517.jpg
1363,data_resize_all/8.2_10a02c2f2756727650cf5f981e691edb.jpg
1364,data_resize_all/4.3_2129_analog1_20200818-183028.jpg
1365,data_resize_all/1.8_03366c277d0481fbf258a13fb594cb33.jpg
1366,data_resize_all/7.6_2d5c5f8261497c3d1d1ea9fbee525617.jpg
1367,data_resize_all/2.8.jpg
1368,data_resize_all/8.0_4055_zeiger4_2020-04-29_14-00-02.jpg
1369,data_resize_all/8.3_eb313b68b45ae4c856aa7decd3d972ca.jpg
1370,data_resize_all/5.8_2be710323fcd8cbf32b7dec8d961723f.jpg
1371,data_resize_all/8.0_4044_zeiger3_2020-06-16_16-27-00.jpg
1372,data_resize_all/7.3_6fd435709d0e70bebd1cfdbe781c9b5a.jpg
1373,data_resize_all/7.5_7.7.jpg
1374,data_resize_all/2.5_e4932b1d3335c5782adddd71dc8f3d56.jpg
1375,data_resize_all/3.9_586cbd728968d79cecec23052196684b.jpg
1376,data_resize_all/6.2_0f70cee2a7964eef5650522e76696618.jpg
1377,data_resize_all/7.2_47756fe78ba7e662836e9ad4a1f968a4.jpg
1378,data_resize_all/0.7_0c18d8543212849fc781a8111beedcf0.jpg
1379,data_resize_all/3.2_065df20c964ca566c93b639795856dc6.jpg
1380,data_resize_all/2.7_1304_zeiger4_2019-11-19_18-42-04.jpg
1381,data_resize_all/6.1_a1500e3f3187c4cede044a4487e02b7d.jpg
1382,data_resize_all/5.3_2681_zeiger3_2020-04-29_14-36-02.jpg
1383,data_resize_all/3.6_b4269fab24db96287fc58173ce3398c9.jpg
1384,data_resize_all/1.0_09957b3bdd2bb0b3e3a9971f9d9ebb7a.jpg
1385,data_resize_all/2.8_438af89d06cd9c63f95bbc4648ee1939.jpg
1386,data_resize_all/7.5_3848_zeiger4_2020-04-29_11-57-02.jpg
1387,data_resize_all/5.0_2494_analog2_20200822-105114.jpg
1388,data_resize_all/3.6_d8c7f1c1da9f76a208e72cd64810a9b5.jpg
1389,data_resize_all/0.3_cd71bbf0a0013858549d7a46fe96dd67.jpg
1390,data_resize_all/8.1_5f96cd893b4ac27838f583d458372246.jpg
1391,data_resize_all/7.4_3663_zeiger4_2019-11-19_19-37-04.jpg
1392,data_resize_all/3.0_1521_zeiger4_2020-04-29_12-02-11.jpg
1393,data_resize_all/3.5_1808_zeiger4_2019-06-06T155009.jpg
1394,data_resize_all/0.8_pointer_20211015-115250.jpg
1395,data_resize_all/9.5_d55e803263c6b358a69ee10b3dc898ec.jpg
1396,data_resize_all/7.8_2be90834c34bcd31e8e8d4729b1cba54.jpg
1397,data_resize_all/7.1_ade16080a8a438f95d00250103389d30.jpg
1398,data_resize_all/3.2_1592_analog1_20200814-233846.jpg
1399,data_resize_all/6.2_949b857328039d56a9137a9eb70f5110.jpg
1400,data_resize_all/6.3_40c929fdddd4d74ddc1281813aed0384.jpg
1401,data_resize_all/2.5_0e18c72ce90de10d204e5834caf9efe0.jpg
1402,data_resize_all/3.2_1637_zeiger4_2019-06-03T065009.jpg
1403,data_resize_all/4.9_2460_zeiger2_2020-06-14_15-01-14.jpg
1404,data_resize_all/8.3_09e4d93c6a817c412326f6a16117de28.jpg
1405,data_resize_all/1.6_0688_zeiger2_2019-11-19_18-07-04.jpg
1406,data_resize_all/8.9_4430_analog3_20200815-190815.jpg
1407,data_resize_all/6.1_11649e59b8791e5dfb8736ab0f6750a5.jpg
1408,data_resize_all/3.5_1701_analog1_20200815-023748.jpg
1409,data_resize_all/4.4_102ca879129cadda1b7b0da0b9efff19.jpg
1410,data_resize_all/8.8_1b76ce04eb8a1e93d95710889ca5ed6c.jpg
1411,data_resize_all/4.0_032068e1fae4132c724a26ed3091cdb3.jpg
1412,data_resize_all/5.7_e0c67dbf9f3ee7533e70af7ceda4689f.jpg
1413,data_resize_all/4.9_2471_zeiger3_2019-11-19_13-57-03.jpg
1414,data_resize_all/4.3_2fad4056768f5d4dce52daa761b7e6db.jpg
1415,data_resize_all/6.3_8f7393000ddebebbad26196457cbb6ce.jpg
1416,data_resize_all/1.0_0382_analog2_20200819-122209.jpg
1417,data_resize_all/7.1_1378bcd4d81717a8bab49bca00afac46.jpg
1418,data_resize_all/6.1_3003_analog2_20200821-084240.jpg
1419,data_resize_all/6.0_2992_zeiger4_2019-11-19_01-27-03.jpg
1420,data_resize_all/7.6_analog1_20201003-112841.jpg
1421,data_resize_all/4.0_20ac3116a1a259d549f16406c8884fc4.jpg
1422,data_resize_all/0.2_c0a3ae930cb0b17ed7ccd047ce19c031.jpg
1423,data_resize_all/8.1_49f580006d753735049e4e98c6c4efa8.jpg
1424,data_resize_all/0.9_0315_zeiger1_2020-06-14_14-16-42.jpg
1425,data_resize_all/3.1_840dc5399d353667730859bf0c34d465.jpg
1426,data_resize_all/4.4_b7479f535ae747907bdde5a3bead7c19.jpg
1427,data_resize_all/2.1_0965_zeiger2_2019-06-02T132009.jpg
1428,data_resize_all/2.9_3dad68cbee6e9bbacba1dca664f35dff.jpg
1429,data_resize_all/8.8_5a29699106f62f53d75f44e07bb591a1.jpg
1430,data_resize_all/5.2_21bc333a57ae524f2346d39c6548b756.jpg
1431,data_resize_all/0.2_0050_analog1_20200821-060242.jpg
1432,data_resize_all/3.1_75466d74f76ef982635ee446e1e5db19.jpg
1433,data_resize_all/0.7_f3e85806fb876445ba5f246fc8ada910.jpg
1434,data_resize_all/5.2_2555_zeiger2_2019-11-19_19-22-04.jpg
1435,data_resize_all/7.3_3650_zeiger2_2020-06-16_04-11-03.jpg
1436,data_resize_all/3.1_4d43d478b681127e070687bc91f93968.jpg
1437,data_resize_all/1.4_4204f625a82f0b0a3cb1a45368a55f53.jpg
1438,data_resize_all/5.9_2965_zeiger2_2019-11-19_06-22-03.jpg
1439,data_resize_all/5.5_ana3_20220624-071704.jpg
1440,data_resize_all/9.2_4600_zeiger2_2020-06-14_13-17-22.jpg
1441,data_resize_all/0.1_34446c9374edfd487bb7c7d113a22940.jpg
1442,data_resize_all/8.4_53b64949db739b0efc878875cca0fabf.jpg
1443,data_resize_all/4.7_089fbd23f768f780534e42304e790a9f.jpg
1444,data_resize_all/2.9_3.0.jpg
1445,data_resize_all/7.9_c2dda5aed2ce7d7a8ff6a073771b62ba.jpg
1446,data_resize_all/4.3_0879f49ebff896155e2794b314e74dee.jpg
1447,data_resize_all/6.7_3342_zeiger1_2020-06-16_04-11-03.jpg
1448,data_resize_all/7.4_3801_zeiger4_2019-09-14_20-27-35.jpg
1449,data_resize_all/0.8_0012467e8c0878b9ead3759bd298bc88.jpg
1450,data_resize_all/5.2_43ce70f09e1ace6be58d452044e9f095.jpg
1451,data_resize_all/5.4_1a5a3750b17206846cff8d80b1247786.jpg
1452,data_resize_all/1.4_0567_analog4_20200816-225334.jpg
1453,data_resize_all/9.4_4576_zeiger1_2019-06-03T123009.jpg
1454,data_resize_all/0.8_0294_zeiger4_2019-06-06T162009.jpg
1455,data_resize_all/4.1_2118_zeiger4_2019-06-01T203011.jpg
1456,data_resize_all/0.3_a7df1a5ee8d60c0c81e4cfd8e2e10efa.jpg
1457,data_resize_all/4.1_main_ana3_20221214-192121.jpg
1458,data_resize_all/3.9_2027_zeiger4_2019-11-19_18-17-04.jpg
1459,data_resize_all/6.0_a097549a853bd51bdac91e7fbd356373.jpg
1460,data_resize_all/2.0_cb15144536516ee3bdac35286fd0bdd5.jpg
1461,data_resize_all/7.7_18ee1ae31177b08c70c8e3f63eef6d32.jpg
1462,data_resize_all/8.9_e8a550ffb623b35f2d596b7cc97ea4b0.jpg
1463,data_resize_all/4.3_ccd00adc5fa25d72c68a03b857ff46be.jpg
1464,data_resize_all/1.0_6f030c68347e053c1762bdd8caedd26a.jpg
1465,data_resize_all/1.9_2d910ef1cac36ecfe9f1e1074bcf62ae.jpg
1466,data_resize_all/7.2_125c2ec5cc6ac87fcd4995cc01debff9.jpg
1467,data_resize_all/6.2_main_ana3_20221213-130605.jpg
1468,data_resize_all/1.6_19d9864da0fbc75a12fd1b394a5e5b78.jpg
1469,data_resize_all/9.4_3a250eaa40e18b4f19408abe578dabbc.jpg
1470,data_resize_all/8.2_4042_zeiger3_2019-11-19_07-22-03.jpg
1471,data_resize_all/8.2_22e6c1f88280864dfa3149810726848e.jpg
1472,data_resize_all/3.8_1884_zeiger4_2019-06-04T110009.jpg
1473,data_resize_all/4.6_2364_analog4_20200822-113944.jpg
1474,data_resize_all/5.3_ce0069f4279eb252d9ef63060fb47b9b.jpg
1475,data_resize_all/6.1_988598a8927b5d2f0fa25d825f32927b.jpg
1476,data_resize_all/2.4_659d105478a8218795108bae1d2322f4.jpg
1477,data_resize_all/9.1_3b71244fb7902b977eff29feaa9c7481.jpg
1478,data_resize_all/5.6_2725_analog3_20200817-050544.jpg
1479,data_resize_all/4.3_aedf0c3a941e3b7aeb0ad2924b3ff60a.jpg
1480,data_resize_all/6.6_3296_zeiger3_2020-06-16_19-30-34.jpg
1481,data_resize_all/6.0_pointer_20211009-201242.jpg
1482,data_resize_all/4.2_3ea119aaca1b4d047b836e27fd3ea0c3.jpg
1483,data_resize_all/0.5_8ab7aa308a7c5ed835e82c4d2b3723b0.jpg
1484,data_resize_all/5.5_43ab20aca8f3add37c4f2facb4096028.jpg
1485,data_resize_all/8.4_pointer_20211009-124701.jpg
1486,data_resize_all/8.3_c000b42817bd4eef61edd175fcef305a.jpg
1487,data_resize_all/2.6_1e1287ecc7eb9b4cf62f442342a19816.jpg
1488,data_resize_all/5.3_2662_zeiger4_2019-11-19_06-22-03.jpg
1489,data_resize_all/6.4_pointer_20211010-122829.jpg
1490,data_resize_all/4.1_2125_zeiger4_2020-04-29_12-44-02.jpg
1491,data_resize_all/4.2_f9dc08617d41ddbfd4609096320a422d.jpg
1492,data_resize_all/6.6_178398159633e7876984612421939c40.jpg
1493,data_resize_all/3.8_1897_analog1_20200815-075026.jpg
1494,data_resize_all/5.5_2756_zeiger4_2020-04-29_13-25-02.jpg
1495,data_resize_all/7.1_3558_zeiger1_2019-11-19_08-52-03.jpg
1496,data_resize_all/2.4_15124fcf98c1445f05adcfbbe478c9bc.jpg
1497,data_resize_all/5.0_6441d418633a11a95c294710122713de.jpg
1498,data_resize_all/2.2_1032_zeiger3_2020-04-29_11-00-02.jpg
1499,data_resize_all/9.7_4878_zeigeru__2019-06-05T06300.jpg
1500,data_resize_all/1.0_b7789a104ba1512426abcb4d7a13565d.jpg
1501,data_resize_all/6.0_1f9658f19a4c733532c5494732132ce5.jpg
1502,data_resize_all/2.5_f9ddcc83fc7c113af51185445dae987c.jpg
1503,data_resize_all/8.1_4157_zeiger3_2019-11-19_00-02-02.jpg
1504,data_resize_all/8.7_3c3ef33ef72adc6d4ac03bb1294045ca.jpg
1505,data_resize_all/1.6_0eeb190c5c76df0b74cad1bec29d71a4.jpg
1506,data_resize_all/1.9_4ea27ae5911ec3b63ebf9e6274be92ce.jpg
1507,data_resize_all/4.8_2440_zeiger4_2020-04-29_11-20-02.jpg
1508,data_resize_all/9.5_4609_zeiger4_2019-11-19_13-22-03.jpg
1509,data_resize_all/7.8_ad7d922551c4ae2a908365edc5ca4969.jpg
1510,data_resize_all/4.9_4bc7f875b60d385c7c9e0a6f6f2fc036.jpg
1511,data_resize_all/4.7_4.7.jpg
1512,data_resize_all/7.6_73d0e536745d447e90a84af0dfbad84c.jpg
1513,data_resize_all/4.7_592bd6a69c892cb3377a13b7e0f6a2ee.jpg
1514,data_resize_all/6.5_98a0eff9b1d428320a0a2b032ce734a9.jpg
1515,data_resize_all/5.0.jpg
1516,data_resize_all/8.6_62f0de913d7a78286cc519fa81c96120.jpg
1517,data_resize_all/8.7_1039c33b317460fb7fe86729700c9c6e.jpg
1518,data_resize_all/0.3_9b30e11a37eae61bbbf6ccf9f7e75f6f.jpg
1519,data_resize_all/2.4_pointer_20211008-201059.jpg
1520,data_resize_all/1.1_5e93cac2f1ac3dd0db24a3b26a56a3f3.jpg
1521,data_resize_all/3.1_ana4_20220622-200157.jpg
1522,data_resize_all/5.7_0ee040ffd2159b3f1f5e2c987c048591.jpg
1523,data_resize_all/4.8_pointer_20211021-235035.jpg
1524,data_resize_all/2.5_main_ana3_20221213-123135.jpg
1525,data_resize_all/3.5_ana2_20220624-090204.jpg
1526,data_resize_all/5.0_172260651db2adb3dcf95097c03cdc7d.jpg
1527,data_resize_all/5.7_41cbbe7260501c7a937c5ab4e19a7684.jpg
1528,data_resize_all/9.4_48b60f4285201a4346ef9266bf34d423.jpg
1529,data_resize_all/3.2_87921cd0f30737bd1a68b82d78bdde9e.jpg
1530,data_resize_all/1.5_0674_zeiger4_2020-04-29_13-27-02.jpg
1531,data_resize_all/5.2_2568_zeiger3_2019-11-19_15-27-03.jpg
1532,data_resize_all/8.6_4e2d76888588b009e553d3ce4b6674eb.jpg
1533,data_resize_all/7.3_3640_zeiger1_2019-11-19_15-52-04.jpg
1534,data_resize_all/4.8_2393_zeiger3_2019-11-19_13-07-03.jpg
1535,data_resize_all/4.2_pointer_20211010-104009.jpg
1536,data_resize_all/0.5_e77bfff70aae7ec0e5a15b062b3e7ea4.jpg
1537,data_resize_all/5.2_d78db7bd4ec4168b856ba96823a09595.jpg
1538,data_resize_all/4.9_2398_zeiger4_2019-06-02T053013.jpg
1539,data_resize_all/5.6_2724_analog2_20200817-031512.jpg
1540,data_resize_all/2.0_5810d0ada4f0dffcaba7062461c3eded.jpg
1541,data_resize_all/4.4_0b0199327533c7ef1e3d292d325f7e80.jpg
1542,data_resize_all/4.5_2283_zeiger4_2019-06-06T102009.jpg
1543,data_resize_all/7.4_pointer_20211007-093231.jpg
1544,data_resize_all/9.2_d422714c6ddec154230d34c32e520b44.jpg
1545,data_resize_all/2.2_80c56c32cdd05c7b448142c73f7eeb9e.jpg
1546,data_resize_all/6.3_3062_zeiger2_2019-06-05T142009.jpg
1547,data_resize_all/7.7_3891_zeiger4_2020-04-29_13-55-01.jpg
1548,data_resize_all/2.8_072d1b6c07e33cafd28944fdbc739861.jpg
1549,data_resize_all/1.0_ana3_20220623-140701.jpg
1550,data_resize_all/7.7_292cf2946a9f1ded9bc2f502e03de33e.jpg
1551,data_resize_all/6.9_3487_analog1_20200822-132556.jpg
1552,data_resize_all/9.6_a5b7870797689116ff66b72e84f41243.jpg
1553,data_resize_all/7.6_025d7bf6140a274ce1724674c7bfc644.jpg
1554,data_resize_all/4.0_pointer_20211009-232112.jpg
1555,data_resize_all/5.6_2808_zeiger2_2020-04-29_12-59-02.jpg
1556,data_resize_all/9.6_c2996bad7feda226091a541b5927397b.jpg
1557,data_resize_all/5.8_2860_zeiger1_2020-04-29_11-44-02.jpg
1558,data_resize_all/1.9_2fedd45745e60aeefa1f0cc95544ecd2.jpg
1559,data_resize_all/4.3_2131_analog3_20200817-114837.jpg
1560,data_resize_all/3.0_ana4_20220627-200221.jpg
1561,data_resize_all/3.2_1599_zeiger1_2019-06-05T191009.jpg
1562,data_resize_all/3.2_pointer_20211017-141026.jpg
1563,data_resize_all/4.6_425617a1ba070f2b74681c1e25c321f7.jpg
1564,data_resize_all/4.9_2399_zeiger4_2019-06-02T163009.jpg
1565,data_resize_all/7.1_9330c130b63288ffc504add64a67ef97.jpg
1566,data_resize_all/7.0_3509_zeiger2_2019-06-03T162009.jpg
1567,data_resize_all/2.1_0948_analog4_20200813-153909.jpg
1568,data_resize_all/9.2_8614c6dad3e1e63b993abaf7f26cc863.jpg
1569,data_resize_all/1.1_e7f7d50ef31f40cf0287bf392636fff4.jpg
1570,data_resize_all/2.0_912bda4bf7b13166fdc618f46d57c36a.jpg
1571,data_resize_all/1.5_11b0cacada8c701d2269706b1191fe19.jpg
1572,data_resize_all/5.4_2683_zeiger4_2019-06-05T204009.jpg
1573,data_resize_all/9.4_c764a2f883897faee9e300df5cc82a8d.jpg
1574,data_resize_all/4.0_ana4_20220629-154229.jpg
1575,data_resize_all/8.7_4320_zeiger4_2020-04-29_12-01-02.jpg
1576,data_resize_all/7.7_3899_zeiger3_2019-06-02T083009.jpg
1577,data_resize_all/0.9_2d1a4f1673274f3e909e7fc666ce3d55.jpg
1578,data_resize_all/6.8_3411_zeiger2_2020-06-14_15-10-18.jpg
1579,data_resize_all/8.4_a3c2cbab4c8e8f001410cb13d4e438e9.jpg
1580,data_resize_all/9.8_ana4_20220628-005723.jpg
1581,data_resize_all/5.9_3bd6db53d18fd79741606c713dd82db5.jpg
1582,data_resize_all/1.0_8972788606b6c2b38958429d86874f0a.jpg
1583,data_resize_all/7.3_main_ana3_20221213-141633.jpg
1584,data_resize_all/3.9_22475cfca71696e06df40c925063cb52.jpg
1585,data_resize_all/7.9_8bb3df7709daaee885e6f47535fd425a.jpg
1586,data_resize_all/0.4_f39d723e2132a87b91534429b2aa6687.jpg
1587,data_resize_all/0.7_14044204a806f14027a115a594dfd3a7.jpg
1588,data_resize_all/4.7_2217_zeiger2_2019-11-19_04-02-03.jpg
1589,data_resize_all/2.8_1367_zeiger4_2019-06-06T045009.jpg
1590,data_resize_all/1.7_1.8.jpg
1591,data_resize_all/4.9_2435_zeiger3_2019-11-19_15-17-03.jpg
1592,data_resize_all/2.9_c220532c07be380de72c46cb1d9afaef.jpg
1593,data_resize_all/8.3_bdf2957e2842db4ec2c32ba333a787e5.jpg
1594,data_resize_all/2.2_analog3_20200925-060448.jpg
1595,data_resize_all/4.5_f7f57eec572bf8ad1be8b5991689e205.jpg
1596,data_resize_all/2.5_079cf5d25858cad7cb83188986c0c397.jpg
1597,data_resize_all/4.7_476919bd29b532fab1a6ff56676d2634.jpg
1598,data_resize_all/7.6_bd10ce8e4af09e4eb73a70f16dc4dd03.jpg
1599,data_resize_all/7.0_4ccae617488e34d16bc5c1d32f0f1b1e.jpg
1600,data_resize_all/0.2_bd3b98108d206cad289689c9047c48f7.jpg
1601,data_resize_all/6.0_2927_analog3_20200821-194457.jpg
1602,data_resize_all/0.5_f16339267a2218779d64c54e6868d615.jpg
1603,data_resize_all/5.1_2571_zeiger4_2019-06-04T100009.jpg
1604,data_resize_all/7.9_4003_zeiger4_2019-06-05T121009.jpg
1605,data_resize_all/3.1_3.1.jpg
1606,data_resize_all/2.6_3c778e291e176fe3f210bf02dec33251.jpg
1607,data_resize_all/6.0_2926_analog2_20200818-103602.jpg
1608,data_resize_all/3.9_5ffa125223b532fdf40bc2a7188f712a.jpg
1609,data_resize_all/1.1_616c8d0c4b00b9b2d2b2dec7805f1b21.jpg
1610,data_resize_all/9.0_pointer_20211008-113653.jpg
1611,data_resize_all/0.4_0.4.jpg
1612,data_resize_all/4.8_621fc62f36dd9cffc9d887a05bab3f78.jpg
1613,data_resize_all/9.4_4705_zeiger3_2020-06-15_01-06-00.jpg
1614,data_resize_all/8.4_4133_zeiger4_2019-06-04T121009.jpg
1615,data_resize_all/0.9_analog2_20201005-212133.jpg
1616,data_resize_all/6.1_3001_zeiger1_2019-11-19_01-47-03.jpg
1617,data_resize_all/9.5_4774_analog4_20200815-112210.jpg
1618,data_resize_all/1.3_57a3f9688d965abb07982f7114e83334.jpg
1619,data_resize_all/5.8_2825_zeiger1_2019-09-14_19-20-12.jpg
1620,data_resize_all/6.6_3343_zeiger2_2019-11-19_01-27-03.jpg
1621,data_resize_all/3.1_1585_zeiger4_2019-11-19_05-17-03.jpg
1622,data_resize_all/1.9_0853_zeiger1_2019-06-05T044009.jpg
1623,data_resize_all/9.2_4567_zeiger4_2019-09-15_06-20-12.jpg
1624,data_resize_all/9.1_a51fa9ec434cfbffec87c59e1908b26c.jpg
1625,data_resize_all/6.6_3278_analog1_20200813-182243.jpg
1626,data_resize_all/5.8_fa6ba127a1b88c4aacb3dfffd5fc3f34.jpg
1627,data_resize_all/6.3_95084ff309c86e0653147c5e1a3f75ed.jpg
1628,data_resize_all/1.9_0856_zeiger2_2019-09-15_05-49-06.jpg
1629,data_resize_all/6.4_b8472a8c37c8d9677ac98426e77a9274.jpg
1630,data_resize_all/1.6_99111392ed8e3342d779d0310f7471bb.jpg
1631,data_resize_all/1.0_37ca8424db2384f65fbea4c278c8e0b5.jpg
1632,data_resize_all/0.5_0212_zeiger4_2020-04-29_13-05-02.jpg
1633,data_resize_all/4.5_2281_zeiger4_2019-06-04T074009.jpg
1634,data_resize_all/4.8_77d9b5baab24220bfbe38c826b676839.jpg
1635,data_resize_all/1.2_4f71f45fdc322b6f6bc4503f150fccd5.jpg
1636,data_resize_all/8.0.jpg
1637,data_resize_all/3.3_3980a674547f16d77fb356a3f0df8fde.jpg
1638,data_resize_all/9.6_42f3c253da9905bb66b3a238e4a79d7c.jpg
1639,data_resize_all/7.6_ae9917755b0dba459a1215e18e1ed865.jpg
1640,data_resize_all/2.2_1099_zeiger4_2020-04-29_12-32-02.jpg
1641,data_resize_all/4.1_2111_zeiger3_2019-11-19_01-07-03.jpg
1642,data_resize_all/9.0_f31213c552ef33706af0e1bda7103309.jpg
1643,data_resize_all/4.6_810f8cd866ca6311d3d09c00edc674f1.jpg
1644,data_resize_all/4.1_2045_zeiger2_2019-09-14_20-20-13.jpg
1645,data_resize_all/3.0_45cfe4d46001126f7a188f073db866d4.jpg
1646,data_resize_all/6.8_097ae32ce724dfe7fbb7df70cfee44db.jpg
1647,data_resize_all/7.4_3752_analog2_20200815-171449.jpg
1648,data_resize_all/2.4_1152_zeiger3_2019-06-03T061009.jpg
1649,data_resize_all/5.7_2796_zeiger4_2019-09-14_13-20-14.jpg
1650,data_resize_all/9.5.jpg
1651,data_resize_all/4.8_d88b4579194bec32d719a5233f0bebfd.jpg
1652,data_resize_all/5.8_272d020518fb10379ac2a2dd284a3194.jpg
1653,data_resize_all/0.5_a034da8ed62432da9ecfd754300454e5.jpg
1654,data_resize_all/0.7.jpg
1655,data_resize_all/9.0_4485_zeiger4_2020-04-29_11-30-02.jpg
1656,data_resize_all/0.9_analog3_20201013-060228.jpg
1657,data_resize_all/7.6_analog1_20201027-131423.jpg
1658,data_resize_all/6.1_main_ana3_20221214-222121.jpg
1659,data_resize_all/2.2_870cac6280d671dd72f15cf0b86f3192.jpg
1660,data_resize_all/4.1_3b3221bd044fba923da306576ac58b9b.jpg
1661,data_resize_all/4.9_2485_zeiger4_2019-09-14_12-00-12.jpg
1662,data_resize_all/1.9_163c054ecef0640aa8221690d23c3f1f.jpg
1663,data_resize_all/7.8_3950_zeiger4_2019-11-19_13-07-03.jpg
